LOCATION #,METER TYPE,MR_MDVC_NUMBER,STREET
3002010 ,SM-2S-TOU,123054571,  ESTATES DR  
3002011 ,SM-2S-TOU,123054539,  ESTATES DR  
3002013 ,SM-2S-TOU,123054538,  ESTATES DR  
3002014 ,SM-2S-TOU,123054537,  ESTATES DR  
3002015 ,SM-2S-TOU,123054536,  ESTATES DR  
3002016 ,SM-2S-TOU,123054551,  ESTATES DR  
3002018 ,SM-2S-TOU,123054550,  ESTATES DR  
3002019 ,SM-2S-TOU,123054549,  ESTATES DR  
3002020 ,SM-2S-TOU,123054548,  ESTATES DR  
3002021 ,SM-2S-TOU,123054547,  ESTATES DR  
3002023 ,SM-2S-TOU,123054546,  ESTATES DR  
3002024 ,SM-2S-TOU,123054545,  ESTATES DR  
3002025 ,SM-2S-TOU,123054544,  ESTATES DR  
3002026 ,SM-2S-TOU,123053304,  BROADVIEW DR  
3002027 ,SM-2S-TOU,123053305,  BROADVIEW DR  
3002028 ,SM-2S-TOU,123053280,  BROADVIEW DR  
3002029 ,SM-2S-TOU,123053349,  KRISTI LN  
3002030 ,SM-2S-TOU,123053351,  KRISTI LN  
3002031 ,SM-2S-TOU,123053348,  KRISTI LN  
3002032 ,SM-2S-TOU,123053643,  KRISTI LN  
3002033 ,SM-2S-TOU,123053640,  KRISTI LN  
3002034 ,SM-2S-TOU,123053641,  KRISTI LN  
3002035 ,SM-2S-TOU,123053642,  KRISTI LN  
3002036 ,SM-2S-TOU,123054500,  KRISTI LN  
3002037 ,SM-2S-TOU,123054502,  KRISTI LN  
3002038 ,SM-2S-TOU,123054501,  KRISTI LN  
3002039 ,SM-2S-TOU,123054503,  KRISTI LN  
3002040 ,SM-2S-TOU,123053367,  COOPER PL  
3002041 ,SM-2S-TOU,123053366,  COOPER PL  
3002042 ,SM-2S-TOU,123053365,  COOPER PL  
3002043 ,SM-2S-TOU,123053646,  COOPER PL  
3002044 ,SM-2S-TOU,123053364,  COOPER PL  
3002045 ,SM-2S-TOU,123053647,  COOPER PL  
3002046 ,SM-2S-TOU,123053645,  COOPER PL  
3002047 ,SM-2S-TOU,123053644,  COOPER PL  
3002048 ,SM-2S-TOU,123053339,  COOPER PL  
3002049 ,SM-2S-TOU,123053336,  COOPER PL  
3002050 ,SM-2S-TOU,123053337,  KRISTI LN  
3002051 ,SM-2S-TOU,123053338,  KRISTI LN  
3002052 ,SM-2S-TOU,123053299,  KRISTI LN  
3002053 ,SM-2S-TOU,123053296,  KRISTI LN  
3002054 ,SM-2S-TOU,123053297,  KRISTI LN  
3002055 ,SM-2S-TOU,123053298,  KRISTI LN  
3002056 ,SM-2S-TOU,123053659,  KRISTI LN  
3002057 ,SM-2S-TOU,123053656,  MOUNTAIN VIEW PL  
3002058 ,SM-2S-TOU,123053658,  MOUNTAIN VIEW PL  
3002059 ,SM-2S-TOU,123053331,  MOUNTAIN VIEW PL  
3002060 ,SM-2S-TOU,123053328,  MOUNTAIN VIEW PL  
3002061 ,SM-2S-TOU,123053329,  MOUNTAIN VIEW PL  
3002063 ,SM-2S-TOU,123053334,  MOUNTAIN VIEW PL  
3002064 ,SM-2S-TOU,123053330,  MOUNTAIN VIEW PL  
3002065 ,SM-2S-TOU,123053335,  MOUNTAIN VIEW PL  
3002066 ,SM-2S-TOU,123053332,  MOUNTAIN VIEW PL  
3002067 ,SM-2S-TOU,123053333,  MOUNTAIN VIEW PL  
3002068 ,SM-2S-TOU,123053345,  MOUNTAIN VIEW PL  
3002069 ,SM-2S-TOU,123053344,  MOUNTAIN VIEW PL  
3002070 ,SM-2S-TOU,123053346,  MOUNTAIN VIEW PL  
3002071 ,SM-2S-TOU,123053347,  MOUNTAIN VIEW PL  
3002072 ,SM-2S-TOU,123053638,  MOUNTAIN VIEW PL  
3002073 ,SM-2S-TOU,123053636,  MOUNTAIN VIEW PL  
3002074 ,SM-2S-TOU,123053637,  MOUNTAIN VIEW PL  
3002075 ,SM-2S-TOU,123053639,  MOUNTAIN VIEW PL  
3002076 ,SM-2S-TOU,123053655,  MOUNTAIN VIEW PL  
3002077 ,SM-2S-TOU,123053654,  MOUNTAIN VIEW PL  
3002078 ,SM-2S-TOU,123053825,  KRISTI LN  
3002079 ,SM-2S-TOU,123053251,  KRISTI LN  
3002080 ,SM-2S-TOU,123053824,  BROADVIEW DR  
3002081 ,SM-2S-TOU,123053826,  BROADVIEW DR  
3002083 ,SM-2S-TOU,123054529,  BROADVIEW DR  
3002084 ,SM-2S-TOU,123053807,  SCOTT WAY  
3002085 ,SM-2S-TOU,123053806,  SCOTT WAY  
3002086 ,SM-2S-TOU,123053805,  SCOTT WAY  
3002087 ,SM-2S-TOU,123053804,  SCOTT WAY  
3002088 ,SM-2S-TOU,123053785,  SCOTT WAY  
3002089 ,SM-2S-TOU,123053786,  SCOTT WAY  
3002090 ,SM-2S-TOU,123053784,  SCOTT WAY  
3002091 ,SM-2S-TOU,123053787,  SCOTT WAY  
3002092 ,SM-2S-TOU,123053829,  SCOTT WAY  
3002093 ,SM-2S-TOU,123053828,  SCOTT WAY  
3002094 ,SM-2S-TOU,123053830,  SCOTT WAY  
3002095 ,SM-2S-TOU,123053831,  SCOTT WAY  
3002096 ,SM-2S-TOU,123053282,  KRISTI LN  
3002097 ,SM-2S-TOU,123053281,  KRISTI LN  
3002098 ,SM-2S-TOU,123053283,  KRISTI LN  
3002099 ,SM-2S-TOU,123054509,  KRISTI LN  
3002100 ,SM-2S-TOU,123054510,  KRISTI LN  
3002101 ,SM-2S-TOU,123054511,  KRISTI LN  
3002102 ,SM-2S-TOU,123053312,  KRISTI LN  
3002103 ,SM-2S-TOU,123054508,  KRISTI LN  
3002104 ,SM-2S-TOU,123053290,  KRISTI LN  
3002105 ,SM-2S-TOU,123053291,  KRISTI LN  
3002106 ,SM-2S-TOU,123053288,  KRISTI LN  
3002107 ,SM-2S-TOU,123053289,  KRISTI LN  
3002109 ,SM-2S-TOU,123054461,  TIFFANY CT  
3002110 ,SM-2S-TOU,123054463,  TIFFANY CT  
3002111 ,SM-2S-TOU,123054460,  TIFFANY CT  
3002112 ,SM-2S-TOU,123054447,  TIFFANY CT  
3002113 ,SM-2S-TOU,123054444,  TIFFANY CT  
3002114 ,SM-2S-TOU,123054446,  TIFFANY CT  
3002115 ,SM-2S-TOU,123053355,  TIFFANY CT  
3002116 ,SM-2S-TOU,123053352,  TIFFANY CT  
3002117 ,SM-2S-TOU,123054445,  TIFFANY CT  
3002118 ,SM-2S-TOU,123053353,  TIFFANY CT  
3002119 ,SM-2S-TOU,123054777,  TIFFANY CT  
3002120 ,SM-2S-TOU,123054775,  TIFFANY CT  
3002121 ,SM-2S-TOU,123054773,  TIFFANY CT  
3002122 ,SM-2S-TOU,123054772,  TIFFANY CT  
3002123 ,SM-2S-TOU,123054774,  TIFFANY CT  
3002124 ,SM-2S-TOU,123054802,  TIFFANY CT  
3002125 ,SM-2S-TOU,123054803,  TIFFANY CT  
3002126 ,SM-2S-TOU,123054801,  TIFFANY CT  
3002127 ,SM-2S-TOU,123054800,  TIFFANY CT  
3002128 ,SM-2S-TOU,123054784,  TIFFANY CT  
3002129 ,SM-2S-TOU,123054785,  TIFFANY CT  
3002130 ,SM-2S-TOU,123054787,  TIFFANY CT  
3002131 ,SM-2S-TOU,123054786,  BROADVIEW DR  
3002133 ,SM-2S-TOU,123053678,  SAN ILDEFONSO ACROSS FROM N MESA RD   
3002135 ,SM-2S-TOU,123053266,  BROADVIEW DR  
3002136 ,SM-9S-DEM,123053055,  HAWK DR  
3002139 ,SM-2S-TOU,123053265,  HAWK DR  
3002140 ,SM-16S-DEM,123053041,  HAWK DR  
3002141 ,SM-2S-TOU,123054322,  HAWK DRIVE/NORTH MESA RD  
3002142 ,SM-9S-DEM,123053052,  HAWK DR  
3002144 ,SM-2S-TOU,123053264,  NORTH MESA RD  
3002146 ,SM-2S-TOU,123054698,  TERRY LN  
3002148 ,SM-16S-DEM,123053038,  HAWKS LANDING LN  
3002149 ,SM-2S-TOU,123054697,  TERRY LN  
3002151 ,SM-2S-TOU,123054323,  NORTH MESA BALLFIELDS LN  
3002152 ,SM-2S-TOU,123053250,  NORTH MESA BALLFIELDS LN  
3002153 ,SM-9S-DEM,123053051,  NORTH MESA RD  
3002154 ,SM-2S-TOU,123053249,  NORTH MESA RD  
3002155 ,SM-2S-TOU,123053207,  NORTH MESA RD  
3002156 ,SM-2S-TOU,123054320,  NORTH MESA RD  
3002157 ,SM-9S-DEM,123053047,  BOMBER FIELD RD  
3002158 ,SM-2S-TOU,123054306,  NORTH MESA RD  
3002160 ,SM-2S-TOU,123054482,  NORTH MESA RD  
3002164 ,SM-2S-TOU,123053585,  STABLE LOT RD  
3002166 ,SM-2S-TOU,123053627,  STABLE LOT RD  
3002167 ,SM-2S-TOU,123053576,  STABLE LOT RD  
3002168 ,SM-2S-TOU,123053578,  STABLE LOT RD  
3002169 ,SM-2S-TOU,123054358,  STABLE LOT RD  
3002170 ,SM-2S-TOU,123053238,  STABLE LOT   
3002171 ,SM-2S-TOU,123054671,  STABLE LOT RD  
3002172 ,SM-2S-TOU,123054670,  STABLE LOT RD  
3002173 ,SM-2S-TOU,123054668,  STABLE LOT RD  
3002174 ,SM-2S-TOU,123054367,  STABLE LOT RD  
3002175 ,SM-2S-TOU,123054364,  STABLE LOT RD  
3002176 ,SM-2S-TOU,123054365,  STABLE LOT RD  
3002177 ,SM-2S-TOU,123054359,  STABLE LOT RD  
3002178 ,SM-2S-TOU,123053236,  STABLE LOT RD  
3002179 ,SM-2S-TOU,123054426,  STABLE LOT RD  
3002180 ,SM-2S-TOU,123053575,  STABLE LOT RD  
3002181 ,SM-2S-TOU,123053571,  STABLE LOT RD  
3002182 ,SM-2S-TOU,123054357,  STABLE LOT RD  
3002183 ,SM-2S-TOU,123053363,  STABLE LOT RD  
3002184 ,SM-2S-TOU,123053635,  STABLE LOT RD  
3002185 ,SM-2S-TOU,123053632,  STABLE LOT RD  
3002186 ,SM-2S-TOU,123053633,  STABLE LOT RD  
3002187 ,SM-2S-TOU,123053634,  STABLE LOT RD  
3002188 ,SM-2S-TOU,123053350,  STABLE LOT RD  
3002189 ,SM-2S-TOU,123053287,  STABLE LOT RD  
3002190 ,SM-2S-TOU,123053286,  STABLE LOT RD  
3002191 ,SM-2S-TOU,123053614,  STABLE LOT RD  
3002192 ,SM-2S-TOU,123053607,  STABLE LOT RD  
3002193 ,SM-2S-TOU,123053579,  STABLE LOT RD  
3002194 ,SM-2S-TOU,123053623,  STABLE LOT RD  
3002195 ,SM-2S-TOU,123053622,  STABLE LOT RD  
3002197 ,SM-2S-TOU,123053621,  STABLE LOT RD  
3002198 ,SM-2S-TOU,123053606,  STABLE LOT RD  
3002199 ,SM-2S-TOU,123053605,  STABLE LOT RD  
3002200 ,SM-2S-TOU,123053604,  STABLE LOT RD  
3002201 ,SM-2S-TOU,123053574,  STABLE LOT RD  
3002202 ,SM-2S-TOU,123053591,  STABLE LOT RD  
3002203 ,SM-2S-TOU,123053610,  STABLE LOT RD  
3002204 ,SM-2S-TOU,123053608,  STABLE LOT RD  
3002205 ,SM-2S-TOU,123053572,  STABLE LOT RD  
3002206 ,SM-2S-TOU,123053611,  STABLE LOT RD  
3002207 ,SM-2S-TOU,123053582,  STABLE LOT RD  
3002208 ,SM-2S-TOU,123053583,  STABLE LOT RD  
3002209 ,SM-2S-TOU,123053570,  STABLE LOT RD  
3002210 ,SM-2S-TOU,123053569,  STABLE LOT RD  
3002211 ,SM-2S-TOU,123053589,  STABLE LOT RD  
3002212 ,SM-2S-TOU,123053609,  STABLE LOT RD  
3002213 ,SM-2S-TOU,123053590,  STABLE LOT RD  
3002214 ,SM-2S-TOU,123053676,  STABLE LOT RD  
3002215 ,SM-2S-TOU,123053588,  STABLE LOT RD  
3002216 ,SM-2S-TOU,123054462,  TIFFANY CT  
3002217 ,SM-2S-TOU,123053613,  STABLE LOT RD  
3002219 ,SM-2S-TOU,123054649,  LA MIRADA CIR  
3002220 ,SM-2S-TOU,123054673,  LA MIRADA CIR  
3002221 ,SM-2S-TOU,123054672,  LA MIRADA CIR  
3002222 ,SM-2S-TOU,123054345,  LA MIRADA CIR  
3002223 ,SM-2S-TOU,123054674,  LA MIRADA CIR  
3002224 ,SM-2S-TOU,123054675,  LA MIRADA CIR  
3002225 ,SM-2S-TOU,123054648,  LA MIRADA CIR  
3002227 ,SM-2S-TOU,123054655,  LA TIERRA RD  
3002228 ,SM-2S-TOU,123053879,  LA TIERRA RD  
3002229 ,SM-2S-TOU,123053877,  LA TIERRA RD  
3002231 ,SM-2S-TOU,123053878,  LA TIERRA RD  
3002232 ,SM-2S-TOU,123053399,  LA TIERRA RD  
3002233 ,SM-2S-TOU,123054652,  LA TIERRA RD  
3002234 ,SM-2S-TOU,123054653,  LOMA LINDA DR  
3002235 ,SM-2S-TOU,123053395,  LOMA LINDA DR  
3002236 ,SM-2S-TOU,123053394,  LOMA LINDA DR  
3002237 ,SM-2S-TOU,123053398,  LOMA LINDA DR  
3002238 ,SM-2S-TOU,123053397,  LOMA LINDA DR  
3002239 ,SM-2S-TOU,123053396,  LOMA LINDA DR  
3002240 ,SM-2S-TOU,123054654,  LOMA LINDA DR  
3002241 ,SM-2S-TOU,123053876,  LOMA LINDA DR  
3002242 ,SM-2S-TOU,123053902,  LOMA LINDA DR  
3002243 ,SM-2S-TOU,123053900,  LOMA LINDA DR  
3002244 ,SM-2S-TOU,123054638,  LOMA LINDA DR  
3002246 ,SM-2S-TOU,123053901,  LOMA LINDA DR  
3002247 ,SM-2S-TOU,123053874,  LOMA LINDA DR  
3002248 ,SM-2S-TOU,123054637,  LOMA LINDA DR  
3002249 ,SM-2S-TOU,123053903,  LOMA LINDA DR  
3002250 ,SM-2S-TOU,123054347,  LOMA LINDA DR  
3002251 ,SM-2S-NET,123053030,  LOMA LINDA DR  
3002253 ,SM-2S-TOU,123054639,  LOMA LINDA DR  
3002254 ,SM-2S-TOU,123054636,  LOMA LINDA DR  
3002255 ,SM-2S-TOU,123053872,  LOMA LINDA DR  
3002256 ,SM-2S-TOU,123053875,  LOMA LINDA DR  
3002257 ,SM-2S-TOU,123053873,  LOMA LINDA DR  
3002258 ,SM-2S-TOU,123054635,  LOMA LINDA DR  
3002259 ,SM-2S-TOU,123054632,  LOMA LINDA DR  
3002260 ,SM-2S-TOU,123054651,  LOMA LINDA DR  
3002261 ,SM-2S-TOU,123054633,  LOMA LINDA DR  
3002262 ,SM-2S-TOU,123054650,  LOMA LINDA DR  
3002263 ,SM-2S-TOU,123054634,  LOMA LINDA DR  
3002266 ,SM-2S-TOU,123053392,  SAN ILDEFONSO RD  
3002267 ,SM-2S-TOU,123053393,  SAN ILDEFONSO RD  
3002268 ,SM-2S-TOU,123053125,  SAN ILDEFONSO RD  
3002269 ,SM-2S-TOU,123053863,  SAN ILDEFONSO RD  
3002270 ,SM-2S-TOU,123053861,  SAN ILDEFONSO RD  
3002271 ,SM-2S-TOU,123053862,  SAN ILDEFONSO RD  
3002272 ,SM-2S-TOU,123053880,  SAN ILDEFONSO RD  
3002273 ,SM-2S-TOU,123053882,  SAN ILDEFONSO RD  
3002274 ,SM-2S-TOU,123053881,  SAN ILDEFONSO RD  
3002275 ,SM-2S-TOU,123053916,  SAN ILDEFONSO RD  
3002277 ,SM-2S-TOU,123053851,  SAN ILDEFONSO RD  
3002278 ,SM-2S-TOU,123053848,  SAN ILDEFONSO RD  
3002279 ,SM-2S-TOU,123054796,  SAN ILDEFONSO RD  
3002280 ,SM-2S-TOU,123054798,  SAN ILDEFONSO RD  
3002281 ,SM-2S-TOU,123054797,  SAN ILDEFONSO RD  
3002282 ,SM-2S-TOU,123054799,  SAN ILDEFONSO RD  
3002283 ,SM-2S-TOU,123054742,  SAN ILDEFONSO RD  
3002284 ,SM-2S-TOU,123053214,  SAN ILDEFONSO RD  
3002285 ,SM-2S-TOU,123053212,  SAN ILDEFONSO RD  
3002286 ,SM-2S-TOU,123053215,  SAN ILDEFONSO RD  
3002287 ,SM-2S-TOU,123053213,  SAN ILDEFONSO RD  
3002288 ,SM-2S-TOU,123053246,  SAN ILDEFONSO RD  
3002289 ,SM-2S-TOU,123053629,  SAN ILDEFONSO RD  
3002290 ,SM-2S-TOU,123053631,  SAN ILDEFONSO RD  
3002291 ,SM-2S-TOU,123054720,  SAN ILDEFONSO RD  
3002292 ,SM-2S-TOU,123054722,  SAN ILDEFONSO RD  
3002293 ,SM-2S-TOU,123053630,  SAN ILDEFONSO RD  
3002294 ,SM-2S-TOU,123053628,  SAN ILDEFONSO RD  
3002295 ,SM-2S-TOU,123054723,  SAN ILDEFONSO RD  
3002296 ,SM-2S-TOU,123054721,  SAN ILDEFONSO RD  
3002297 ,SM-2S-TOU,123053262,  SAN ILDEFONSO RD  
3002298 ,SM-2S-TOU,123053261,  SAN ILDEFONSO RD  
3002299 ,SM-2S-TOU,123053260,  SAN ILDEFONSO RD  
3002300 ,SM-2S-TOU,123053263,  SAN ILDEFONSO RD  
3002301 ,SM-2S-TOU,123053209,  SAN ILDEFONSO RD  
3002302 ,SM-2S-TOU,123053210,  SAN ILDEFONSO RD  
3002303 ,SM-2S-TOU,123053211,  SAN ILDEFONSO RD  
3002304 ,SM-2S-TOU,123053208,  SAN ILDEFONSO RD  
3002305 ,SM-2S-TOU,123054728,  SAN ILDEFONSO RD  
3002306 ,SM-2S-TOU,123054729,  SAN ILDEFONSO RD  
3002307 ,SM-2S-TOU,123054731,  SAN ILDEFONSO RD  
3002308 ,SM-2S-TOU,123054730,  SAN ILDEFONSO RD  
3002309 ,SM-2S-TOU,123054744,  SAN ILDEFONSO RD  
3002310 ,SM-2S-TOU,123054745,  SAN ILDEFONSO RD  
3002311 ,SM-2S-TOU,123054747,  SAN ILDEFONSO RD  
3002312 ,SM-2S-TOU,123054746,  SAN ILDEFONSO RD  
3002313 ,SM-2S-TOU,123054743,  SAN ILDEFONSO RD  
3002314 ,SM-2S-TOU,123054741,  SAN ILDEFONSO RD  
3002315 ,SM-2S-TOU,123054740,  SAN ILDEFONSO RD  
3002316 ,SM-2S-TOU,123053245,  SAN ILDEFONSO RD  
3002317 ,SM-2S-TOU,123053247,  SAN ILDEFONSO RD  
3002318 ,SM-2S-TOU,123053244,  SAN ILDEFONSO RD  
3002319 ,SM-2S-TOU,123053277,  SAN ILDEFONSO RD  
3002320 ,SM-2S-TOU,123053278,  SAN ILDEFONSO RD  
3002321 ,SM-2S-TOU,123053276,  SAN ILDEFONSO RD  
3002322 ,SM-2S-TOU,123053708,  SAN ILDEFONSO RD  
3002323 ,SM-2S-TOU,123053279,  SAN ILDEFONSO RD  
3002324 ,SM-2S-TOU,123053243,  SAN ILDEFONSO RD  
3002325 ,SM-2S-TOU,123053241,  SAN ILDEFONSO RD  
3002326 ,SM-2S-TOU,123053242,  SAN ILDEFONSO RD  
3002327 ,SM-2S-TOU,123053240,  SAN ILDEFONSO RD  
3002328 ,SM-2S-TOU,123054724,  SAN ILDEFONSO RD  
3002329 ,SM-2S-TOU,123054727,  SAN ILDEFONSO RD  
3002330 ,SM-2S-TOU,123054725,  SAN ILDEFONSO RD  
3002331 ,SM-2S-TOU,123054726,  SAN ILDEFONSO RD  
3002332 ,SM-2S-TOU,123054151,  CHEYENNE   
3002333 ,SM-2S-TOU,123054150,  CHEYENNE   
3002334 ,SM-2S-TOU,123054148,  CHEYENNE   
3002335 ,SM-2S-TOU,123054149,  CHEYENNE   
3002336 ,SM-2S-TOU,123054202,  CHEYENNE   
3002337 ,SM-2S-TOU,123054201,  CHEYENNE   
3002338 ,SM-2S-TOU,123054203,  CHEYENNE   
3002339 ,SM-2S-TOU,123053497,  CHEYENNE   
3002340 ,SM-2S-TOU,123053499,  CHEYENNE   
3002341 ,SM-2S-TOU,123053496,  CHEYENNE   
3002342 ,SM-2S-TOU,123053533,  CHEYENNE   
3002343 ,SM-2S-TOU,123053532,  CHEYENNE   
3002344 ,SM-2S-TOU,123053534,  CHEYENNE   
3002345 ,SM-2S-TOU,123053539,  CHEYENNE   
3002346 ,SM-2S-TOU,123053535,  CHEYENNE   
3002347 ,SM-2S-TOU,123053536,  CHEYENNE   
3002348 ,SM-2S-TOU,123053537,  CHEYENNE   
3002349 ,SM-2S-TOU,123053538,  CHEYENNE   
3002350 ,SM-2S-TOU,123054166,  CHEYENNE   
3002351 ,SM-2S-TOU,123054165,  CHEYENNE   
3002352 ,SM-2S-TOU,123054167,  CHEYENNE   
3002353 ,SM-2S-TOU,123054164,  CHEYENNE   
3002354 ,SM-2S-TOU,123054434,  SIOUX   
3002355 ,SM-2S-TOU,123053709,  SIOUX   
3002356 ,SM-2S-TOU,123054435,  SIOUX   
3002357 ,SM-2S-TOU,123054433,  SIOUX   
3002358 ,SM-2S-TOU,123054432,  SIOUX   
3002359 ,SM-2S-TOU,123054827,  SIOUX   
3002360 ,SM-2S-TOU,123054825,  SIOUX   
3002361 ,SM-2S-TOU,123054826,  SIOUX   
3002362 ,SM-2S-TOU,123054828,  SIOUX   
3002363 ,SM-2S-TOU,123054817,  SIOUX   
3002364 ,SM-2S-TOU,123054818,  SIOUX   
3002365 ,SM-2S-TOU,123054819,  SIOUX   
3002366 ,SM-2S-TOU,123053679,  SIOUX   
3002367 ,SM-2S-TOU,123054820,  SIOUX   
3002368 ,SM-2S-TOU,123053503,  SIOUX   
3002369 ,SM-2S-TOU,123053836,  SIOUX   
3002370 ,SM-2S-TOU,123053838,  SIOUX   
3002371 ,SM-2S-TOU,123053837,  SIOUX   
3002372 ,SM-2S-TOU,123053839,  SEMINOLE   
3002373 ,SM-2S-TOU,123054211,  SEMINOLE   
3002374 ,SM-2S-TOU,123054209,  SEMINOLE   
3002375 ,SM-2S-TOU,123054210,  SEMINOLE   
3002376 ,SM-2S-TOU,123053558,  SEMINOLE   
3002377 ,SM-2S-TOU,123053559,  SEMINOLE   
3002378 ,SM-2S-TOU,123053556,  SEMINOLE   
3002379 ,SM-2S-TOU,123053557,  SEMINOLE   
3002380 ,SM-2S-TOU,123054197,  SEMINOLE   
3002381 ,SM-2S-TOU,123054196,  SEMINOLE   
3002383 ,SM-2S-TOU,123054198,  SEMINOLE   
3002384 ,SM-2S-TOU,123054199,  SEMINOLE   
3002385 ,SM-2S-TOU,123053519,  SEMINOLE   
3002386 ,SM-2S-TOU,123053518,  SEMINOLE   
3002387 ,SM-2S-TOU,123054368,  SEMINOLE   
3002388 ,SM-2S-TOU,123053517,  SEMINOLE   
3002389 ,SM-2S-TOU,123053516,  SEMINOLE   
3002390 ,SM-2S-TOU,123053477,  SEMINOLE   
3002391 ,SM-2S-TOU,123053479,  SEMINOLE   
3002392 ,SM-2S-TOU,123053478,  SEMINOLE   
3002393 ,SM-2S-TOU,123053472,  SEMINOLE   
3002394 ,SM-2S-TOU,123053476,  SEMINOLE   
3002395 ,SM-2S-TOU,123053475,  SEMINOLE   
3002396 ,SM-2S-TOU,123053474,  SEMINOLE   
3002397 ,SM-2S-TOU,123053473,  SEMINOLE   
3002398 ,SM-2S-TOU,123053514,  SEMINOLE   
3002399 ,SM-2S-TOU,123053513,  SEMINOLE   
3002400 ,SM-2S-TOU,123053515,  SEMINOLE   
3002401 ,SM-2S-TOU,123053512,  SEMINOLE   
3002402 ,SM-2S-TOU,123053508,  SEMINOLE   
3002403 ,SM-2S-TOU,123053521,  CHEYENNE   
3002404 ,SM-2S-TOU,123054335,  SIOUX   
3002405 ,SM-2S-TOU,123054286,  SIOUX   
3002406 ,SM-2S-TOU,123054287,  SIOUX   
3002407 ,SM-2S-TOU,123054284,  SIOUX   
3002408 ,SM-2S-TOU,123054285,  SIOUX   
3002409 ,SM-2S-TOU,123054316,  SIOUX   
3002410 ,SM-2S-TOU,123054317,  SIOUX   
3002411 ,SM-2S-TOU,123054319,  SIOUX   
3002412 ,SM-2S-TOU,123054301,  SIOUX   
3002413 ,SM-2S-TOU,123054318,  SIOUX   
3002414 ,SM-2S-TOU,123054300,  SIOUX   
3002415 ,SM-2S-TOU,123054303,  SIOUX   
3002416 ,SM-2S-TOU,123054302,  SIOUX   
3002417 ,SM-2S-TOU,123054371,  SIOUX   
3002418 ,SM-2S-TOU,123053560,  SIOUX   
3002419 ,SM-2S-TOU,123053561,  SIOUX   
3002420 ,SM-2S-TOU,123053562,  SIOUX   
3002421 ,SM-2S-TOU,123053563,  SIOUX   
3002422 ,SM-2S-TOU,123053501,  SIOUX   
3002423 ,SM-2S-TOU,123053500,  SIOUX   
3002424 ,SM-2S-TOU,123053956,  SIOUX   
3002425 ,SM-2S-TOU,123053957,  SIOUX   
3002426 ,SM-2S-TOU,123053959,  SIOUX   
3002427 ,SM-2S-TOU,123053958,  SIOUX   
3002428 ,SM-2S-TOU,123053988,  SIOUX   
3002429 ,SM-2S-TOU,123053990,  SIOUX   
3002430 ,SM-2S-TOU,123053989,  SIOUX   
3002431 ,SM-2S-TOU,123053991,  SIOUX   
3002432 ,SM-2S-TOU,123053975,  SIOUX   
3002433 ,SM-2S-TOU,123053973,  SIOUX   
3002434 ,SM-2S-TOU,123053974,  SIOUX   
3002435 ,SM-2S-TOU,123053972,  SIOUX   
3002436 ,SM-2S-TOU,123054823,  SIOUX   
3002437 ,SM-2S-TOU,123054824,  SIOUX   
3002438 ,SM-2S-TOU,123054821,  SIOUX   
3002439 ,SM-2S-TOU,123054822,  SIOUX   
3002440 ,SM-2S-NET,123053034,  SIOUX   
3002441 ,SM-2S-TOU,123054005,  SIOUX   
3002442 ,SM-2S-TOU,123054004,  SIOUX   
3002443 ,SM-2S-TOU,123054006,  SIOUX   
3002444 ,SM-2S-TOU,123054007,  SIOUX   
3002445 ,SM-2S-TOU,123053256,  CHEYENNE   
3002446 ,SM-2S-TOU,123053257,  CHEYENNE   
3002447 ,SM-2S-TOU,123053199,  CHEYENNE   
3002449 ,SM-2S-TOU,123053198,  CHEYENNE   
3002450 ,SM-2S-TOU,123053196,  CHEYENNE   
3002451 ,SM-2S-TOU,123054274,  CHEYENNE   
3002452 ,SM-2S-TOU,123054275,  CHEYENNE   
3002453 ,SM-2S-TOU,123053520,  CHEYENNE   
3002454 ,SM-2S-TOU,123053523,  CHEYENNE   
3002455 ,SM-2S-TOU,123053522,  CHEYENNE   
3002456 ,SM-2S-TOU,123054180,  CHEYENNE   
3002457 ,SM-2S-TOU,123054182,  CHEYENNE   
3002458 ,SM-2S-TOU,123054183,  CHEYENNE   
3002459 ,SM-2S-TOU,123054181,  CHEYENNE   
3002460 ,SM-2S-TOU,123053529,  CHEYENNE   
3002461 ,SM-2S-TOU,123053530,  CHEYENNE   
3002462 ,SM-2S-TOU,123053528,  CHEYENNE   
3002463 ,SM-2S-TOU,123054227,  CHEYENNE   
3002464 ,SM-2S-TOU,123053531,  CHEYENNE   
3002465 ,SM-2S-TOU,123054224,  CHEYENNE   
3002466 ,SM-2S-TOU,123054225,  CHEYENNE   
3002467 ,SM-2S-TOU,123054226,  CHEYENNE   
3002468 ,SM-2S-TOU,123054235,  CHEYENNE   
3002470 ,SM-2S-TOU,123054232,  CHEYENNE   
3002471 ,SM-2S-TOU,123054234,  CHEYENNE   
3002472 ,SM-2S-TOU,123054239,  CHEYENNE   
3002473 ,SM-2S-TOU,123054233,  CHEYENNE   
3002474 ,SM-2S-TOU,123054212,  CHEYENNE   
3002475 ,SM-2S-TOU,123054214,  CHEYENNE   
3002476 ,SM-2S-TOU,123054215,  CHEYENNE   
3002477 ,SM-2S-TOU,123054313,  CHEYENNE   
3002478 ,SM-2S-TOU,123054315,  SIOUX   
3002479 ,SM-2S-TOU,123053187,  YUMA   
3002480 ,SM-2S-TOU,123053185,  YUMA   
3002481 ,SM-2S-TOU,123053184,  YUMA   
3002482 ,SM-2S-TOU,123053186,  YUMA   
3002483 ,SM-2S-TOU,123053191,  YUMA   
3002484 ,SM-2S-TOU,123053190,  YUMA   
3002485 ,SM-2S-TOU,123053188,  SIOUX   
3002486 ,SM-2S-TOU,123053189,  SIOUX   
3002487 ,SM-2S-TOU,123054024,  UTE   
3002488 ,SM-2S-TOU,123054026,  UTE   
3002489 ,SM-2S-TOU,123054025,  UTE   
3002490 ,SM-2S-TOU,123054027,  UTE   
3002491 ,SM-2S-TOU,123053203,  UTE   
3002492 ,SM-2S-TOU,123053200,  UTE   
3002493 ,SM-2S-TOU,123053201,  SIOUX   
3002494 ,SM-2S-TOU,123053202,  SIOUX   
3002495 ,SM-2S-TOU,123054012,  SIOUX   
3002496 ,SM-2S-TOU,123054157,  SIOUX   
3002497 ,SM-2S-TOU,123054158,  SIOUX   
3002498 ,SM-2S-TOU,123054159,  SIOUX   
3002500 ,SM-2S-TOU,123054334,  SIOUX   
3002501 ,SM-2S-TOU,123054156,  SIOUX   
3002502 ,SM-2S-TOU,123054333,  SIOUX   
3002503 ,SM-2S-TOU,123054332,  SIOUX   
3002504 ,SM-2S-TOU,123054060,  SAN ILDEFONSO RD  
3002505 ,SM-2S-TOU,123054144,  BIG ROCK LOOP  
3002506 ,SM-2S-TOU,123054147,  BIG ROCK LOOP  
3002507 ,SM-2S-TOU,123054145,  BIG ROCK LOOP  
3002508 ,SM-2S-TOU,123053193,  BIG ROCK LOOP  
3002509 ,SM-2S-TOU,123053195,  BIG ROCK LOOP  
3002510 ,SM-2S-TOU,123053192,  BIG ROCK LOOP  
3002511 ,SM-2S-TOU,123053194,  BIG ROCK LOOP  
3002512 ,SM-2S-TOU,123054072,  BIG ROCK LOOP  
3002513 ,SM-2S-TOU,123054073,  BIG ROCK LOOP  
3002514 ,SM-2S-TOU,123054075,  BIG ROCK LOOP  
3002515 ,SM-2S-TOU,123054074,  BIG ROCK LOOP  
3002516 ,SM-2S-TOU,123054076,  BIG ROCK LOOP  
3002517 ,SM-2S-TOU,123054077,  BIG ROCK LOOP  
3002518 ,SM-2S-TOU,123054079,  BIG ROCK LOOP  
3002519 ,SM-2S-TOU,123054078,  BIG ROCK LOOP  
3002520 ,SM-2S-TOU,123054111,  BIG ROCK LOOP  
3002521 ,SM-2S-TOU,123054109,  BIG ROCK LOOP  
3002522 ,SM-2S-TOU,123054108,  BIG ROCK LOOP  
3002523 ,SM-2S-TOU,123054110,  BIG ROCK LOOP  
3002525 ,SM-2S-TOU,123054130,  BIG ROCK LOOP  
3002526 ,SM-2S-TOU,123054129,  BIG ROCK LOOP  
3002527 ,SM-2S-TOU,123054314,  BIG ROCK LOOP  
3002528 ,SM-2S-TOU,123054155,  BIG ROCK LOOP  
3002529 ,SM-2S-TOU,123054154,  BIG ROCK LOOP  
3002530 ,SM-2S-TOU,123054152,  BIG ROCK LOOP  
3002531 ,SM-2S-TOU,123054607,  BIG ROCK LOOP  
3002532 ,SM-2S-TOU,123054605,  BIG ROCK LOOP  
3002533 ,SM-2S-TOU,123054606,  BIG ROCK LOOP  
3002534 ,SM-2S-TOU,123053955,  BIG ROCK LOOP  
3002535 ,SM-2S-TOU,123054128,  BIG ROCK LOOP  
3002536 ,SM-2S-TOU,123054131,  BIG ROCK LOOP  
3002537 ,SM-2S-TOU,123054059,  BIG ROCK LOOP  
3002538 ,SM-2S-TOU,123054056,  BIG ROCK LOOP  
3002539 ,SM-2S-TOU,123054057,  BIG ROCK LOOP  
3002540 ,SM-2S-TOU,123054058,  BIG ROCK LOOP  
3002541 ,SM-2S-TOU,123054105,  BIG ROCK LOOP  
3002542 ,SM-2S-TOU,123054104,  BIG ROCK LOOP  
3002543 ,SM-2S-TOU,123054107,  BIG ROCK LOOP  
3002545 ,SM-2S-TOU,123054381,  BIG ROCK LOOP  
3002546 ,SM-2S-TOU,123053997,  BIG ROCK LOOP  
3002547 ,SM-2S-TOU,123053998,  BIG ROCK LOOP  
3002548 ,SM-2S-TOU,123053996,  BIG ROCK LOOP  
3002549 ,SM-2S-TOU,123053999,  BIG ROCK LOOP  
3002550 ,SM-2S-TOU,123053543,  BIG ROCK LOOP  
3002551 ,SM-2S-TOU,123053541,  BIG ROCK LOOP  
3002552 ,SM-2S-TOU,123053542,  BIG ROCK LOOP  
3002553 ,SM-2S-TOU,123053540,  BIG ROCK LOOP  
3002554 ,SM-2S-TOU,123054132,  BIG ROCK LOOP  
3002555 ,SM-2S-TOU,123054135,  BIG ROCK LOOP  
3002556 ,SM-2S-TOU,123054134,  BIG ROCK LOOP  
3002557 ,SM-2S-TOU,123054133,  BIG ROCK LOOP  
3002558 ,SM-2S-TOU,123054163,  BIG ROCK LOOP  
3002559 ,SM-2S-TOU,123054161,  BIG ROCK LOOP  
3002560 ,SM-2S-TOU,123054160,  BIG ROCK LOOP  
3002562 ,SM-2S-TOU,123054162,  BIG ROCK LOOP  
3002563 ,SM-2S-TOU,123054238,  BIG ROCK LOOP  
3002564 ,SM-2S-TOU,123054236,  SAN ILDEFONSO RD  
3002565 ,SM-2S-TOU,123054228,  SAN ILDEFONSO RD  
3002566 ,SM-2S-TOU,123054237,  SAN ILDEFONSO RD  
3002567 ,SM-2S-TOU,123054216,  ALAMO RD  
3002568 ,SM-2S-TOU,123054219,  ALAMO RD  
3002569 ,SM-2S-TOU,123054218,  ALAMO RD  
3002570 ,SM-2S-TOU,123054217,  ALAMO RD  
3002571 ,SM-2S-TOU,123054034,  CEDRO CT  
3002572 ,SM-2S-TOU,123054035,  CEDRO CT  
3002573 ,SM-2S-TOU,123054033,  CEDRO CT  
3002574 ,SM-2S-TOU,123054032,  CEDRO CT  
3002575 ,SM-2S-TOU,123054206,  CEDRO CT  
3002576 ,SM-2S-TOU,123054207,  CEDRO CT  
3002577 ,SM-2S-TOU,123054205,  CEDRO CT  
3002578 ,SM-2S-TOU,123054204,  CEDRO CT  
3002579 ,SM-2S-TOU,123053322,  CEDRO CT  
3002580 ,SM-2S-TOU,123054604,  CEDRO CT  
3002581 ,SM-2S-TOU,123053323,  BIG ROCK LOOP  
3002582 ,SM-2S-TOU,123053321,  BIG ROCK LOOP  
3002583 ,SM-2S-TOU,123053320,  BIG ROCK LOOP  
3002584 ,SM-2S-TOU,123053358,  BIG ROCK LOOP  
3002585 ,SM-2S-TOU,123053359,  BIG ROCK LOOP  
3002586 ,SM-2S-TOU,123053356,  BIG ROCK LOOP  
3002587 ,SM-2S-TOU,123053357,  BIG ROCK LOOP  
3002588 ,SM-2S-TOU,123054171,  BIG ROCK LOOP  
3002589 ,SM-2S-TOU,123054370,  SAN ILDEFONSO RD  
3002590 ,SM-2S-TOU,123054369,  SAN ILDEFONSO RD  
3002591 ,SM-2S-TOU,123054246,  SAN ILDEFONSO RD  
3002592 ,SM-2S-TOU,123054244,  SAN ILDEFONSO RD  
3002593 ,SM-2S-TOU,123054245,  SAN ILDEFONSO RD  
3002594 ,SM-2S-TOU,123054247,  SAN ILDEFONSO RD  
3002595 ,SM-2S-TOU,123054268,  SAN ILDEFONSO RD  
3002597 ,SM-2S-TOU,123054269,  SAN ILDEFONSO RD  
3002598 ,SM-2S-TOU,123054270,  SAN ILDEFONSO RD  
3002599 ,SM-2S-TOU,123054271,  SAN ILDEFONSO RD  
3002600 ,SM-2S-TOU,123054264,  SAN ILDEFONSO RD  
3002601 ,SM-2S-TOU,123054265,  SAN ILDEFONSO RD  
3002602 ,SM-2S-TOU,123054266,  SAN ILDEFONSO RD  
3002603 ,SM-2S-TOU,123054267,  SAN ILDEFONSO RD  
3002604 ,SM-2S-TOU,123054250,  SAN ILDEFONSO RD  
3002605 ,SM-2S-TOU,123054251,  SAN ILDEFONSO RD  
3002606 ,SM-2S-TOU,123054249,  SAN ILDEFONSO RD  
3002607 ,SM-2S-TOU,123054248,  SAN ILDEFONSO RD  
3002608 ,SM-2S-TOU,123054283,  SAN ILDEFONSO RD  
3002609 ,SM-2S-TOU,123054281,  SAN ILDEFONSO RD  
3002610 ,SM-2S-TOU,123054282,  SAN ILDEFONSO RD  
3002611 ,SM-2S-TOU,123054280,  SAN ILDEFONSO RD  
3002612 ,SM-2S-TOU,123054299,  SAN ILDEFONSO RD  
3002613 ,SM-2S-TOU,123054297,  SAN ILDEFONSO RD  
3002614 ,SM-2S-TOU,123054296,  SAN ILDEFONSO RD  
3002615 ,SM-2S-TOU,123054312,  SAN ILDEFONSO RD  
3002616 ,SM-2S-TOU,123054570,  ESTATES DR  
3002617 ,SM-2S-TOU,123054569,  ESTATES DR  
3002618 ,SM-2S-TOU,123054568,  ESTATES DR  
3002619 ,SM-2S-TOU,123054565,  ESTATES DR  
3002620 ,SM-2S-TOU,123054298,  SAN ILDEFONSO RD  
3002621 ,SM-2S-TOU,123054564,  ESTATES DR  
3002622 ,SM-2S-TOU,123054555,  ESTATES DR  
3002623 ,SM-2S-TOU,123054554,  ESTATES DR  
3002624 ,SM-2S-TOU,123054553,  ESTATES DR  
3002625 ,SM-2S-TOU,123054566,  ESTATES DR  
3002626 ,SM-2S-TOU,123054552,  ESTATES DR  
3002627 ,SM-2S-TOU,123054562,  ESTATES DR  
3002628 ,SM-2S-TOU,123054560,  ESTATES DR  
3002629 ,SM-2S-TOU,123054561,  ESTATES DR  
3002630 ,SM-2S-TOU,123054558,  ESTATES DR  
3002631 ,SM-2S-TOU,123054556,  ESTATES DR  
3002632 ,SM-2S-TOU,123054575,  ESTATES DR  
3002633 ,SM-2S-TOU,123054572,  ESTATES DR  
3002634 ,SM-2S-TOU,123054574,  ESTATES DR  
3002635 ,SM-2S-TOU,123054557,  ESTATES DR  
3002636 ,SM-2S-TOU,123054573,  ESTATES DR  
3002637 ,SM-2S-TOU,123054567,  ESTATES DR  
3002638 ,SM-2S-TOU,123054563,  ESTATES DR  
3002639 ,SM-2S-TOU,123054540,  ESTATES DR  
3002640 ,SM-2S-TOU,123053853,  ALAMO RD  
3002641 ,SM-2S-TOU,123054542,  ESTATES DR  
3002642 ,SM-2S-TOU,123054541,  ESTATES DR  
3002643 ,SM-2S-TOU,123054543,  ESTATES DR  
3002644 ,SM-2S-TOU,123054559,  ESTATES DR  
3002645 ,SM-2S-TOU,123053852,  ALAMO RD  
3002646 ,SM-2S-SD,123053070,  ALAMO RD  
3002647 ,SM-2S-TOU,123053855,  ALAMO RD  
3002648 ,SM-2S-TOU,123053854,  ALAMO RD  
3002649 ,SM-2S-TOU,123054794,  ALAMO RD  
3002650 ,SM-2S-TOU,123054792,  ALAMO RD  
3002651 ,SM-2S-TOU,123054795,  ALAMO RD  
3002652 ,SM-2S-TOU,123054793,  ALAMO RD  
3002653 ,SM-2S-TOU,123053682,  CAPULIN RD  
3002654 ,SM-2S-TOU,123053681,  CAPULIN RD  
3002655 ,SM-2S-TOU,123053680,  CAPULIN RD  
3002656 ,SM-2S-TOU,123053665,  CAPULIN RD  
3002657 ,SM-2S-TOU,123053664,  CAPULIN RD  
3002658 ,SM-2S-TOU,123053667,  CAPULIN RD  
3002659 ,SM-2S-TOU,123053666,  CAPULIN RD  
3002660 ,SM-2S-TOU,123053713,  CAPULIN RD  
3002661 ,SM-2S-TOU,123053712,  CAPULIN RD  
3002662 ,SM-2S-TOU,123053715,  CAPULIN RD  
3002663 ,SM-2S-TOU,123053714,  CAPULIN RD  
3002664 ,SM-2S-TOU,123053684,  CAPULIN RD  
3002665 ,SM-2S-TOU,123053686,  CAPULIN RD  
3002666 ,SM-2S-TOU,123053687,  CAPULIN RD  
3002667 ,SM-2S-TOU,123053685,  CAPULIN RD  
3002668 ,SM-2S-TOU,123053374,  CAPULIN RD  
3002669 ,SM-2S-TOU,123054662,  CAPULIN RD  
3002670 ,SM-2S-TOU,123054661,  CAPULIN RD  
3002671 ,SM-2S-TOU,123054663,  CAPULIN RD  
3002672 ,SM-2S-TOU,123054326,  CAPULIN RD  
3002673 ,SM-2S-TOU,123054660,  CAPULIN RD  
3002674 ,SM-2S-TOU,123054691,  CAPULIN RD  
3002675 ,SM-2S-TOU,123054688,  CAPULIN RD  
3002676 ,SM-2S-TOU,123054689,  CAPULIN RD  
3002677 ,SM-2S-TOU,123054690,  CAPULIN RD  
3002678 ,SM-2S-TOU,123053937,  CAPULIN RD  
3002679 ,SM-2S-TOU,123053936,  CAPULIN RD  
3002680 ,SM-2S-TOU,123053939,  CAPULIN RD  
3002681 ,SM-2S-TOU,123053938,  CAPULIN RD  
3002682 ,SM-2S-TOU,123053401,  CAPULIN RD  
3002683 ,SM-2S-TOU,123053400,  CAPULIN RD  
3002684 ,SM-2S-TOU,123053442,  CAPULIN RD  
3002685 ,SM-2S-TOU,123053443,  CAPULIN RD  
3002686 ,SM-2S-TOU,123053441,  CAPULIN RD  
3002687 ,SM-2S-TOU,123053440,  CAPULIN RD  
3002688 ,SM-2S-TOU,123053445,  CAPULIN RD  
3002689 ,SM-2S-TOU,123053446,  CAPULIN RD  
3002690 ,SM-2S-TOU,123053444,  CAPULIN RD  
3002691 ,SM-2S-TOU,123053447,  CAPULIN RD  
3002692 ,SM-2S-TOU,123054230,  ORO CT  
3002693 ,SM-2S-TOU,123054229,  ORO CT  
3002694 ,SM-2S-TOU,123054200,  ORO CT  
3002695 ,SM-2S-TOU,123054231,  ORO CT  
3002696 ,SM-2S-TOU,123053954,  ORO CT  
3002697 ,SM-2S-TOU,123054220,  ORO CT  
3002698 ,SM-2S-TOU,123053952,  ORO CT  
3002699 ,SM-2S-TOU,123053953,  ORO CT  
3002700 ,SM-2S-TOU,123053812,  CAPULIN RD  
3002701 ,SM-2S-TOU,123053815,  CAPULIN RD  
3002702 ,SM-2S-TOU,123053814,  CAPULIN RD  
3002703 ,SM-2S-TOU,123053813,  CAPULIN RD  
3002704 ,SM-2S-TOU,123053797,  ALAMO RD  
3002705 ,SM-2S-TOU,123053796,  ALAMO RD  
3002706 ,SM-2S-TOU,123053799,  ALAMO RD  
3002707 ,SM-2S-TOU,123053798,  ALAMO RD  
3002708 ,SM-2S-TOU,123053823,  ALAMO RD  
3002709 ,SM-2S-TOU,123053820,  ALAMO RD  
3002710 ,SM-2S-TOU,123053821,  ALAMO RD  
3002711 ,SM-2S-TOU,123053822,  ALAMO RD  
3002712 ,SM-2S-TOU,123053795,  ALAMO RD  
3002713 ,SM-2S-TOU,123053794,  ALAMO RD  
3002714 ,SM-2S-TOU,123053783,  ALAMO RD  
3002715 ,SM-2S-TOU,123053782,  ALAMO RD  
3002716 ,SM-2S-TOU,123054382,  ALAMO RD  
3002717 ,SM-2S-TOU,123053780,  ALAMO RD  
3002718 ,SM-2S-TOU,123053781,  ALAMO RD  
3002720 ,SM-2S-TOU,123053792,  ALAMO RD  
3002721 ,SM-2S-TOU,123054776,  ALAMO RD  
3002722 ,SM-2S-TOU,123054381,  ALAMO RD  
3002723 ,SM-2S-TOU,123054778,  ALAMO RD  
3002724 ,SM-2S-TOU,123053793,  ALAMO RD  
3002725 ,SM-2S-TOU,123054779,  ALAMO RD  
3002726 ,SM-2S-TOU,123054222,  ALAMO RD  
3002727 ,SM-2S-TOU,123054221,  ALAMO RD  
3002728 ,SM-2S-TOU,123054223,  ALAMO RD  
3002730 ,SM-2S-TOU,123054762,  TSANKAWI   
3002731 ,SM-2S-TOU,123054760,  TSANKAWI   
3002732 ,SM-2S-TOU,123054763,  TSANKAWI   
3002733 ,SM-2S-TOU,123054754,  TSANKAWI   
3002734 ,SM-2S-TOU,123054753,  TSANKAWI   
3002735 ,SM-2S-TOU,123054755,  TSANKAWI   
3002736 ,SM-2S-TOU,123054752,  TSANKAWI   
3002737 ,SM-2S-TOU,123054622,  TSANKAWI   
3002738 ,SM-2S-TOU,123054620,  TSANKAWI   
3002739 ,SM-2S-TOU,123054621,  TSANKAWI   
3002740 ,SM-2S-TOU,123054623,  TSANKAWI   
3002741 ,SM-2S-TOU,123054748,  TSANKAWI   
3002742 ,SM-2S-TOU,123054750,  TSANKAWI   
3002743 ,SM-2S-TOU,123054749,  TSANKAWI   
3002744 ,SM-2S-TOU,123054751,  TSANKAWI   
3002745 ,SM-2S-TOU,123054761,  TSANKAWI   
3002746 ,SM-2S-TOU,123053827,  TSANKAWI   
3002747 ,SM-2S-TOU,123054380,  TSANKAWI   
3002748 ,SM-2S-TOU,123054418,  SAN ILDEFONSO RD  
3002750 ,SM-2S-TOU,123053791,  SAN ILDEFONSO RD  
3002751 ,SM-2S-TOU,123053789,  SAN ILDEFONSO RD  
3002752 ,SM-2S-TOU,123053790,  SAN ILDEFONSO RD  
3002753 ,SM-2S-TOU,123053788,  SAN ILDEFONSO RD  
3002754 ,SM-2S-TOU,123053093,  SAN ILDEFONSO RD  
3002755 ,SM-2S-TOU,123053092,  SAN ILDEFONSO RD  
3002756 ,SM-2S-TOU,123053095,  SAN ILDEFONSO RD  
3002757 ,SM-2S-TOU,123053094,  SAN ILDEFONSO RD  
3002759 ,SM-2S-TOU,123054405,  SAN ILDEFONSO RD  
3002760 ,SM-2S-TOU,123054330,  SAN ILDEFONSO RD  
3002761 ,SM-2S-TOU,123054404,  SAN ILDEFONSO RD  
3002762 ,SM-2S-TOU,123053233,  SAN ILDEFONSO RD  
3002763 ,SM-2S-TOU,123054421,  SAN ILDEFONSO RD  
3002764 ,SM-2S-TOU,123054407,  SAN ILDEFONSO RD  
3002765 ,SM-2S-TOU,123054362,  SAN ILDEFONSO RD  
3002766 ,SM-2S-TOU,123054361,  SAN ILDEFONSO RD  
3002767 ,SM-2S-TOU,123054363,  SAN ILDEFONSO RD  
3002768 ,SM-2S-TOU,123054360,  SAN ILDEFONSO RD  
3002769 ,SM-2S-TOU,123054429,  SAN ILDEFONSO RD  
3002770 ,SM-2S-TOU,123054428,  SAN ILDEFONSO RD  
3002771 ,SM-2S-TOU,123054431,  SAN ILDEFONSO RD  
3002772 ,SM-2S-TOU,123054430,  SAN ILDEFONSO RD  
3002773 ,SM-2S-TOU,123054406,  SAN ILDEFONSO RD  
3002774 ,SM-2S-TOU,123054375,  SAN ILDEFONSO RD  
3002775 ,SM-2S-TOU,123054373,  SAN ILDEFONSO RD  
3002776 ,SM-2S-TOU,123054374,  SAN ILDEFONSO RD  
3002777 ,SM-2S-TOU,123054372,  SAN ILDEFONSO RD  
3002778 ,SM-2S-TOU,123053486,  SAN ILDEFONSO RD  
3002779 ,SM-2S-TOU,123053487,  SAN ILDEFONSO RD  
3002780 ,SM-2S-TOU,123053485,  SAN ILDEFONSO RD  
3002781 ,SM-2S-TOU,123053484,  SAN ILDEFONSO RD  
3002782 ,SM-2S-TOU,123053483,  SAN ILDEFONSO RD  
3002783 ,SM-2S-TOU,123053480,  SAN ILDEFONSO RD  
3002784 ,SM-2S-TOU,123053481,  SAN ILDEFONSO RD  
3002785 ,SM-2S-TOU,123053482,  SAN ILDEFONSO RD  
3002786 ,SM-2S-TOU,123053511,  SAN ILDEFONSO RD  
3002787 ,SM-2S-TOU,123053510,  SAN ILDEFONSO RD  
3002788 ,SM-2S-TOU,123053509,  SAN ILDEFONSO RD  
3002789 ,SM-2S-TOU,123054416,  SAN ILDEFONSO RD  
3002790 ,SM-2S-TOU,123054419,  SAN ILDEFONSO RD  
3002791 ,SM-2S-TOU,123054417,  SAN ILDEFONSO RD  
3002792 ,SM-2S-TOU,123053770,  SAN ILDEFONSO RD  
3002793 ,SM-2S-TOU,123054422,  SAN ILDEFONSO RD  
3002794 ,SM-2S-TOU,123053771,  SAN ILDEFONSO RD  
3002795 ,SM-2S-TOU,123053768,  SAN ILDEFONSO RD  
3002796 ,SM-2S-TOU,123053769,  SAN ILDEFONSO RD  
3002797 ,SM-2S-TOU,123054410,  SAN ILDEFONSO RD  
3002798 ,SM-2S-TOU,123054409,  SAN ILDEFONSO RD  
3002800 ,SM-2S-TOU,123054411,  SAN ILDEFONSO RD  
3002802 ,SM-2S-TOU,123054408,  SAN ILDEFONSO RD  
3002803 ,SM-2S-TOU,123054353,  SAN ILDEFONSO RD  
3002804 ,SM-2S-TOU,123053218,  SAN ILDEFONSO RD  
3002805 ,SM-2S-TOU,123054352,  SAN ILDEFONSO RD  
3002807 ,SM-2S-TOU,123054354,  SAN ILDEFONSO RD  
3002808 ,SM-2S-TOU,123054423,  SAN ILDEFONSO RD  
3002809 ,SM-2S-TOU,123053766,  SAN ILDEFONSO RD  
3002810 ,SM-2S-TOU,123053765,  SAN ILDEFONSO RD  
3002811 ,SM-2S-TOU,123053767,  SAN ILDEFONSO RD  
3002812 ,SM-2S-TOU,123053764,  SAN ILDEFONSO RD  
3002813 ,SM-2S-TOU,123054769,  SAN ILDEFONSO RD  
3002814 ,SM-2S-TOU,123054771,  SAN ILDEFONSO RD  
3002815 ,SM-2S-TOU,123054401,  SAN ILDEFONSO RD  
3002816 ,SM-2S-TOU,123054400,  SAN ILDEFONSO RD  
3002817 ,SM-2S-TOU,123054403,  SAN ILDEFONSO RD  
3002819 ,SM-2S-TOU,123054770,  SAN ILDEFONSO RD  
3002820 ,SM-2S-TOU,123054768,  SAN ILDEFONSO RD  
3002821 ,SM-2S-TOU,123053772,  SAN ILDEFONSO RD  
3002822 ,SM-2S-TOU,123053774,  SAN ILDEFONSO RD  
3002823 ,SM-2S-TOU,123053773,  SAN ILDEFONSO RD  
3002824 ,SM-2S-TOU,123053775,  SAN ILDEFONSO RD  
3002825 ,SM-2S-TOU,123053760,  SAN ILDEFONSO RD  
3002826 ,SM-2S-TOU,123053763,  SAN ILDEFONSO RD  
3002827 ,SM-2S-TOU,123053762,  SAN ILDEFONSO RD  
3002828 ,SM-2S-TOU,123053761,  SAN ILDEFONSO RD  
3002829 ,SM-2S-TOU,123054469,  CAMINO UVA   
3002830 ,SM-2S-TOU,123054471,  CAMINO UVA   
3002831 ,SM-2S-TOU,123054468,  CAMINO UVA   
3002832 ,SM-2S-TOU,123054464,  CAMINO UVA   
3002833 ,SM-2S-TOU,123054466,  CAMINO UVA   
3002834 ,SM-2S-TOU,123054024,  CAMINO UVA   
3002835 ,SM-2S-TOU,123054467,  CAMINO UVA   
3002836 ,SM-2S-TOU,123053151,  CAMINO DURASNILLA   
3002837 ,SM-2S-TOU,123053115,  CAMINO DURASNILLA   
3002838 ,SM-2S-TOU,123053127,  CAMINO DURASNILLA   
3002839 ,SM-2S-TOU,123053112,  CAMINO DURASNILLA   
3002840 ,SM-2S-TOU,123053114,  CAMINO DURASNILLA   
3002841 ,SM-2S-TOU,123053113,  CAMINO DURASNILLA   
3002842 ,SM-2S-TOU,123053380,  CAMINO MANZANA   
3002843 ,SM-2S-TOU,123053381,  CAMINO MANZANA   
3002844 ,SM-2S-TOU,123053383,  CAMINO MANZANA   
3002845 ,SM-2S-TOU,123053168,  CAMINO MANZANA   
3002846 ,SM-2S-TOU,123053105,  CAMINO MANZANA   
3002847 ,SM-2S-TOU,123053117,  CAMINO MANZANA   
3002848 ,SM-2S-TOU,123053118,  CAMINO MANZANA   
3002849 ,SM-2S-TOU,123053119,  CAMINO MANZANA   
3002850 ,SM-2S-TOU,123053180,  CAMINO MANZANA   
3002851 ,SM-2S-TOU,123053116,  CAMINO MANZANA   
3002852 ,SM-2S-TOU,123053124,  CAMINO MANZANA   
3002853 ,SM-2S-TOU,123053106,  CAMINO MANZANA   
3002854 ,SM-2S-TOU,123053107,  CAMINO MANZANA   
3002855 ,SM-2S-TOU,123053104,  CAMINO MANZANA   
3002856 ,SM-2S-TOU,123053171,  CAMINO MANZANA   
3002857 ,SM-2S-TOU,123053169,  CAMINO MANZANA   
3002858 ,SM-2S-TOU,123053170,  CAMINO MANZANA   
3002859 ,SM-2S-TOU,123053382,  CAMINO MANZANA   
3002860 ,SM-2S-TOU,123053172,  CAMINO MANZANA   
3002861 ,SM-2S-TOU,123053175,  CAMINO MANZANA   
3002862 ,SM-2S-TOU,123053174,  CAMINO MANZANA   
3002863 ,SM-2S-TOU,123053173,  CAMINO MANZANA   
3002864 ,SM-2S-TOU,123053108,  CAMINO MANZANA   
3002865 ,SM-2S-TOU,123053110,  CAMINO MANZANA   
3002866 ,SM-2S-TOU,123053109,  CAMINO MANZANA   
3002867 ,SM-2S-TOU,123053111,  CAMINO MANZANA   
3002868 ,SM-2S-TOU,123053378,  CAMINO DURASNILLA   
3002869 ,SM-2S-TOU,123053126,  CAMINO DURASNILLA   
3002870 ,SM-2S-TOU,123053918,  CAMINO DURASNILLA   
3002871 ,SM-2S-TOU,123053377,  CAMINO DURASNILLA   
3002872 ,SM-2S-TOU,123053379,  CAMINO DURASNILLA   
3002873 ,SM-2S-TOU,123053376,  CAMINO DURASNILLA   
3002874 ,SM-2S-TOU,123053177,  CAMINO UVA   
3002875 ,SM-2S-TOU,123053183,  CAMINO UVA   
3002876 ,SM-2S-TOU,123053179,  CAMINO UVA   
3002877 ,SM-2S-TOU,123053176,  CAMINO UVA   
3002878 ,SM-2S-TOU,123053178,  CAMINO UVA   
3002880 ,SM-2S-TOU,123053181,  CAMINO UVA   
3002881 ,SM-2S-TOU,123053182,  CAMINO UVA   
3002882 ,SM-2S-TOU,123054474,  CAMINO UVA   
3002883 ,SM-2S-TOU,123054453,  CAMINO UVA   
3002884 ,SM-2S-TOU,123054452,  CAMINO UVA   
3002885 ,SM-2S-TOU,123054455,  CAMINO UVA   
3002886 ,SM-2S-TOU,123054454,  CAMINO UVA   
3002887 ,SM-2S-TOU,123054289,  CAMINO UVA   
3002888 ,SM-2S-TOU,123054521,  CAMINO UVA   
3002889 ,SM-2S-TOU,123054523,  CAMINO UVA   
3002890 ,SM-2S-TOU,123054522,  CAMINO UVA   
3002891 ,SM-2S-TOU,123054520,  CAMINO UVA   
3002892 ,SM-2S-TOU,123054514,  CAMINO UVA   
3002893 ,SM-2S-TOU,123054513,  CAMINO UVA   
3002894 ,SM-2S-TOU,123054515,  CAMINO UVA   
3002895 ,SM-12S-DEM,123053062,  CAMINO UVA   
3002896 ,SM-2S-TOU,123054512,  CAMINO UVA   
3002897 ,SM-2S-TOU,123054472,  CAMINO UVA   
3002898 ,SM-2S-TOU,123054475,  CAMINO UVA   
3002899 ,SM-2S-TOU,123054473,  CAMINO UVA   
3002900 ,SM-2S-TOU,123054470,  CAMINO UVA   
3002901 ,SM-2S-TOU,123054498,  CAMINO UVA   
3002902 ,SM-2S-TOU,123054518,  CAMINO UVA   
3002904 ,SM-2S-TOU,123054517,  CAMINO UVA   
3002905 ,SM-2S-TOU,123054516,  CAMINO UVA   
3002906 ,SM-2S-TOU,123054519,  CAMINO UVA   
3002907 ,SM-2S-TOU,123054449,  CAMINO UVA   
3002908 ,SM-2S-TOU,123054451,  CAMINO UVA   
3002909 ,SM-2S-TOU,123054448,  CAMINO UVA   
3002910 ,SM-2S-TOU,123054450,  CAMINO UVA   
3002911 ,SM-2S-TOU,123054657,  CAMINO MORA   
3002912 ,SM-2S-TOU,123054659,  CAMINO MORA   
3002913 ,SM-2S-TOU,123054658,  CAMINO MORA   
3002914 ,SM-2S-TOU,123054656,  CAMINO MORA   
3002915 ,SM-2S-TOU,123054643,  CAMINO MORA   
3002916 ,SM-2S-TOU,123054640,  CAMINO MORA   
3002917 ,SM-2S-TOU,123054642,  CAMINO MORA   
3002918 ,SM-2S-TOU,123054641,  CAMINO MORA   
3002919 ,SM-2S-TOU,123054646,  CAMINO MORA   
3002920 ,SM-2S-TOU,123054645,  CAMINO MORA   
3002921 ,SM-2S-TOU,123054644,  CAMINO CEREZA   
3002922 ,SM-2S-TOU,123053905,  CAMINO CEREZA   
3002923 ,SM-2S-TOU,123054497,  CAMINO CEREZA   
3002924 ,SM-2S-TOU,123054499,  CAMINO CEREZA   
3002925 ,SM-2S-TOU,123054496,  CAMINO CEREZA   
3002926 ,SM-2S-TOU,123053906,  CAMINO CEREZA   
3002927 ,SM-2S-TOU,123053904,  CAMINO CEREZA   
3002928 ,SM-2S-TOU,123053907,  CAMINO CEREZA   
3002930 ,SM-2S-TOU,123053911,  CAMINO CEREZA   
3002931 ,SM-2S-TOU,123053910,  CAMINO CEREZA   
3002932 ,SM-2S-TOU,123053908,  CAMINO CEREZA   
3002933 ,SM-2S-TOU,123053391,  CAMINO CEREZA   
3002934 ,SM-2S-TOU,123053388,  CAMINO CEREZA   
3002935 ,SM-2S-TOU,123053389,  CAMINO CEREZA   
3002936 ,SM-2S-TOU,123053390,  CAMINO CEREZA   
3002937 ,SM-2S-TOU,123053912,  CAMINO MORA   
3002938 ,SM-2S-TOU,123053407,  CAMINO MORA   
3002939 ,SM-2S-TOU,123053405,  CAMINO MORA   
3002940 ,SM-2S-TOU,123053914,  CAMINO MORA   
3002941 ,SM-2S-TOU,123053406,  CAMINO MORA   
3002942 ,SM-2S-TOU,123053913,  CAMINO MORA   
3002943 ,SM-2S-TOU,123053404,  CAMINO MORA   
3002944 ,SM-2S-TOU,123053385,  CAMINO MORA   
3002945 ,SM-2S-TOU,123053387,  CAMINO MORA   
3002946 ,SM-2S-TOU,123053386,  CAMINO MORA   
3002947 ,SM-2S-TOU,123053947,  CAMINO MORA   
3002948 ,SM-2S-TOU,123053945,  CAMINO MORA   
3002949 ,SM-2S-TOU,123053944,  CAMINO MORA   
3002950 ,SM-2S-TOU,123053946,  CAMINO MORA   
3002951 ,SM-2S-TOU,123054288,  CAMINO MORA   
3002952 ,SM-2S-TOU,123054290,  CAMINO MORA   
3002953 ,SM-2S-TOU,123053131,  CAMINO REDONDO   
3002954 ,SM-2S-TOU,123054327,  CAMINO REDONDO   
3002955 ,SM-2S-TOU,123053462,  CAMINO REDONDO   
3002956 ,SM-2S-TOU,123053460,  CAMINO REDONDO   
3002957 ,SM-2S-TOU,123053463,  CAMINO REDONDO   
3002958 ,SM-2S-TOU,123054686,  CAMINO MEDIO   
3002959 ,SM-2S-TOU,123054700,  CAMINO MEDIO   
3002960 ,SM-2S-TOU,123054703,  CAMINO MEDIO   
3002961 ,SM-2S-TOU,123054701,  CAMINO MEDIO   
3002962 ,SM-2S-TOU,123054706,  CAMINO MEDIO   
3002963 ,SM-2S-TOU,123054707,  CAMINO MEDIO   
3002964 ,SM-2S-TOU,123053465,  CAMINO MEDIO   
3002965 ,SM-2S-TOU,123053466,  CAMINO MEDIO   
3002966 ,SM-2S-TOU,123054705,  CAMINO MEDIO   
3002967 ,SM-2S-TOU,123054704,  CAMINO MEDIO   
3002968 ,SM-2S-TOU,123054710,  CAMINO MEDIO   
3002969 ,SM-2S-TOU,123054708,  CAMINO MEDIO   
3002970 ,SM-2S-TOU,123054709,  CAMINO MEDIO   
3002971 ,SM-2S-TOU,123054711,  CAMINO MEDIO   
3002972 ,SM-2S-TOU,123054685,  CAMINO MEDIO   
3002973 ,SM-2S-TOU,123054702,  CAMINO MEDIO   
3002974 ,SM-2S-TOU,123053361,  CAMINO REDONDO   
3002975 ,SM-2S-TOU,123053360,  CAMINO REDONDO   
3002976 ,SM-2S-TOU,123053362,  CAMINO REDONDO   
3002977 ,SM-2S-TOU,123053300,  CAMINO REDONDO   
3002978 ,SM-2S-TOU,123053301,  CAMINO REDONDO   
3002979 ,SM-2S-TOU,123053303,  CAMINO REDONDO   
3002980 ,SM-2S-TOU,123053302,  CAMINO REDONDO   
3002981 ,SM-2S-TOU,123053425,  CAMINO REDONDO   
3002982 ,SM-2S-TOU,123053426,  CAMINO REDONDO   
3002983 ,SM-2S-TOU,123053427,  CAMINO REDONDO   
3002984 ,SM-2S-TOU,123053464,  CAMINO REDONDO   
3002985 ,SM-2S-TOU,123053424,  CAMINO REDONDO   
3002986 ,SM-2S-TOU,123053467,  CAMINO MEDIO   
3002987 ,SM-2S-TOU,123053130,  CAMINO REDONDO   
3002988 ,SM-2S-TOU,123053420,  CAMINO REDONDO   
3002989 ,SM-2S-TOU,123053422,  CAMINO REDONDO   
3002990 ,SM-2S-TOU,123053421,  CAMINO REDONDO   
3002991 ,SM-2S-TOU,123053128,  CUMBRES PATIO   
3002992 ,SM-2S-TOU,123053450,  CUMBRES PATIO   
3002993 ,SM-2S-TOU,123053461,  CUMBRES PATIO   
3002994 ,SM-2S-TOU,123053432,  CUMBRES PATIO   
3002995 ,SM-2S-TOU,123053429,  CUMBRES PATIO   
3002996 ,SM-2S-TOU,123053431,  CUMBRES PATIO   
3002997 ,SM-2S-TOU,123053428,  CUMBRES PATIO   
3002998 ,SM-2S-TOU,123053434,  CAMINO REDONDO   
3002999 ,SM-2S-TOU,123053430,  CAMINO REDONDO   
3003000 ,SM-2S-TOU,123053433,  CAMINO REDONDO   
3003001 ,SM-2S-TOU,123053435,  CAMINO REDONDO   
3003002 ,SM-2S-TOU,123053419,  CAMINO REDONDO   
3003003 ,SM-2S-TOU,123053416,  CAMINO REDONDO   
3003004 ,SM-2S-TOU,123053418,  CAMINO REDONDO   
3003005 ,SM-2S-TOU,123053411,  CAMINO REDONDO   
3003006 ,SM-2S-TOU,123053409,  CAMINO REDONDO   
3003007 ,SM-2S-TOU,123053410,  CAMINO REDONDO   
3003008 ,SM-2S-TOU,123053408,  CAMINO REDONDO   
3003009 ,SM-2S-TOU,123053439,  CAMINO REDONDO   
3003010 ,SM-2S-TOU,123053149,  CAMINO REDONDO   
3003011 ,SM-2S-TOU,123053222,  CAMINO REDONDO   
3003012 ,SM-2S-TOU,123053438,  CAMINO REDONDO   
3003013 ,SM-2S-TOU,123053436,  CAMINO REDONDO   
3003014 ,SM-2S-TOU,123053132,  CAMINO REDONDO   
3003015 ,SM-2S-TOU,123053437,  CAMINO REDONDO   
3003016 ,SM-2S-TOU,123053133,  CAMINO REDONDO   
3003017 ,SM-2S-TOU,123053221,  CAMINO REDONDO   
3003018 ,SM-2S-TOU,123053135,  CAMINO REDONDO   
3003019 ,SM-2S-TOU,123054687,  CAMINO REDONDO   
3003020 ,SM-2S-TOU,123053134,  CAMINO REDONDO   
3003021 ,SM-2S-TOU,123054684,  CAMINO REDONDO   
3003022 ,SM-2S-TOU,123053148,  CAMINO REDONDO   
3003023 ,SM-2S-TOU,123053150,  CAMINO REDONDO   
3003024 ,SM-2S-TOU,123053129,  CAMINO REDONDO   
3003025 ,SM-2S-TOU,123053412,  CAMINO REDONDO   
3003026 ,SM-2S-TOU,123053413,  CAMINO REDONDO   
3003027 ,SM-2S-TOU,123053415,  CAMINO REDONDO   
3003028 ,SM-2S-TOU,123053414,  CAMINO REDONDO   
3003029 ,SM-2S-TOU,123053162,  EL RAYO   
3003030 ,SM-2S-TOU,123053920,  EL RAYO   
3003031 ,SM-2S-TOU,123053864,  EL RAYO   
3003032 ,SM-2S-TOU,123053866,  EL RAYO   
3003033 ,SM-2S-TOU,123053922,  EL RAYO   
3003034 ,SM-2S-TOU,123053140,  EL RAYO   
3003035 ,SM-2S-TOU,123053867,  EL RAYO   
3003036 ,SM-2S-TOU,123053142,  BARRANCA RD  
3003037 ,SM-2S-TOU,123053122,  BARRANCA RD  
3003038 ,SM-2S-TOU,123053865,  BARRANCA RD  
3003039 ,SM-2S-TOU,123053923,  BARRANCA RD  
3003040 ,SM-2S-TOU,123053141,  BARRANCA RD  
3003041 ,SM-2S-TOU,123053921,  BARRANCA RD  
3003042 ,SM-2S-TOU,123053926,  BARRANCA RD  
3003043 ,SM-2S-TOU,123053120,  BARRANCA RD  
3003044 ,SM-2S-TOU,123053121,  BARRANCA RD  
3003045 ,SM-2S-TOU,123053925,  BARRANCA RD  
3003046 ,SM-2S-TOU,123053138,  BARRANCA RD  
3003047 ,SM-2S-TOU,123054664,  BARRANCA RD  
3003048 ,SM-2S-TOU,123054667,  BARRANCA RD  
3003049 ,SM-2S-TOU,123053940,  BARRANCA RD  
3003050 ,SM-2S-TOU,123053942,  BARRANCA RD  
3003051 ,SM-2S-TOU,123053319,  ANDANADA   
3003052 ,SM-2S-TOU,123053316,  ANDANADA   
3003053 ,SM-2S-TOU,123053317,  ANDANADA   
3003054 ,SM-2S-TOU,123053310,  BARRANCA RD  
3003055 ,SM-2S-TOU,123053327,  ANDANADA   
3003056 ,SM-2S-TOU,123053293,  ANDANADA   
3003057 ,SM-2S-TOU,123053294,  ANDANADA   
3003058 ,SM-2S-TOU,123053292,  ANDANADA   
3003059 ,SM-2S-TOU,123053295,  ANDANADA   
3003060 ,SM-2S-TOU,123053885,  ANDANADA   
3003061 ,SM-2S-TOU,123053448,  ANDANADA   
3003062 ,SM-2S-TOU,123053449,  ANDANADA   
3003063 ,SM-2S-TOU,123053917,  ANDANADA   
3003064 ,SM-2S-TOU,123054088,  CHAMISA   
3003065 ,SM-2S-TOU,123054091,  CHAMISA   
3003066 ,SM-2S-TOU,123054089,  CHAMISA   
3003067 ,SM-2S-TOU,123054628,  CHAMISA   
3003068 ,SM-2S-TOU,123054630,  CHAMISA   
3003069 ,SM-2S-TOU,123053886,  ANDANADA   
3003070 ,SM-2S-TOU,123054052,  ANDANADA   
3003071 ,SM-2S-TOU,123053884,  ANDANADA   
3003072 ,SM-2S-TOU,123053887,  ANDANADA   
3003073 ,SM-2S-TOU,123054094,  ANDANADA   
3003074 ,SM-2S-TOU,123054092,  ANDANADA   
3003075 ,SM-2S-TOU,123054095,  ANDANADA   
3003076 ,SM-2S-TOU,123054093,  ANDANADA   
3003077 ,SM-2S-TOU,123054083,  ANDANADA   
3003079 ,SM-2S-TOU,123054082,  ANDANADA   
3003080 ,SM-2S-TOU,123054603,  ANDANADA   
3003081 ,SM-2S-NET,123053031,  ANDANADA   
3003082 ,SM-2S-TOU,123054081,  ANDANADA   
3003083 ,SM-2S-TOU,123054080,  ANDANADA   
3003084 ,SM-2S-TOU,123054086,  ANDANADA   
3003085 ,SM-2S-TOU,123054084,  ANDANADA   
3003086 ,SM-2S-TOU,123054085,  ANDANADA   
3003087 ,SM-2S-TOU,123054087,  EL CORTO   
3003088 ,SM-2S-TOU,123054090,  EL CORTO   
3003089 ,SM-2S-TOU,123054631,  EL CORTO   
3003090 ,SM-2S-TOU,123053144,  EL CORTO   
3003091 ,SM-2S-TOU,123053146,  EL CORTO   
3003092 ,SM-2S-TOU,123054629,  CHAMISA   
3003093 ,SM-2S-TOU,123054625,  CHAMISA   
3003094 ,SM-2S-TOU,123054624,  CHAMISA   
3003095 ,SM-2S-TOU,123054626,  CHAMISA   
3003096 ,SM-2S-TOU,123054627,  CHAMISA   
3003098 ,SM-2S-TOU,123054682,  EL GANCHO   
3003099 ,SM-2S-TOU,123054683,  EL GANCHO   
3003100 ,SM-2S-TOU,123054680,  EL GANCHO   
3003101 ,SM-2S-TOU,123054681,  EL GANCHO   
3003102 ,SM-2S-TOU,123053870,  EL GANCHO   
3003103 ,SM-2S-TOU,123053868,  EL GANCHO   
3003104 ,SM-2S-TOU,123053869,  EL GANCHO   
3003105 ,SM-2S-TOU,123053871,  EL GANCHO   
3003107 ,SM-2S-TOU,123054677,  EL GANCHO   
3003108 ,SM-2S-TOU,123054679,  EL GANCHO   
3003109 ,SM-2S-TOU,123053919,  EL GANCHO   
3003110 ,SM-2S-TOU,123054678,  EL GANCHO   
3003111 ,SM-2S-TOU,123054676,  EL GANCHO   
3003112 ,SM-2S-TOU,123053311,  BARRANCA RD  
3003113 ,SM-2S-TOU,123053309,  CHAMISA   
3003114 ,SM-2S-TOU,123053308,  CHAMISA   
3003115 ,SM-2S-TOU,123053368,  CHAMISA   
3003116 ,SM-2S-TOU,123053370,  CHAMISA   
3003117 ,SM-2S-TOU,123053909,  CHAMISA   
3003118 ,SM-2S-TOU,123053371,  CHAMISA   
3003119 ,SM-2S-TOU,123054598,  CHAMISA   
3003120 ,SM-2S-TOU,123053369,  CHAMISA   
3003121 ,SM-2S-TOU,123053325,  CHAMISA   
3003122 ,SM-2S-TOU,123053324,  CHAMISA   
3003123 ,SM-2S-TOU,123053206,  CHAMISA   
3003124 ,SM-2S-TOU,123053326,  CHAMISA   
3003125 ,SM-2S-TOU,123053859,  CHAMISA   
3003126 ,SM-2S-TOU,123053858,  CHAMISA   
3003127 ,SM-2S-TOU,123053856,  BARRANCA RD  
3003128 ,SM-2S-TOU,123053857,  BARRANCA RD  
3003129 ,SM-2S-TOU,123054336,  BARRANCA RD  
3003130 ,SM-2S-TOU,123054338,  BARRANCA RD  
3003131 ,SM-2S-TOU,123054337,  BARRANCA RD  
3003132 ,SM-2S-TOU,123054339,  BARRANCA RD  
3003133 ,SM-2S-TOU,123053403,  BARRANCA RD  
3003134 ,SM-2S-TOU,123053402,  BARRANCA RD  
3003135 ,SM-2S-TOU,123053750,  BARRANCA RD  
3003136 ,SM-2S-TOU,123054665,  BARRANCA RD  
3003137 ,SM-2S-TOU,123054666,  BARRANCA RD  
3003138 ,SM-2S-TOU,123053941,  BARRANCA RD  
3003139 ,SM-2S-TOU,123053943,  BARRANCA RD  
3003140 ,SM-2S-TOU,123053928,  TUNYO   
3003142 ,SM-2S-TOU,123053927,  TUNYO   
3003143 ,SM-2S-TOU,123053123,  TUNYO   
3003144 ,SM-2S-TOU,123053137,  TUNYO   
3003145 ,SM-2S-TOU,123053931,  TUNYO   
3003146 ,SM-2S-TOU,123053929,  TUNYO   
3003147 ,SM-2S-TOU,123053930,  PASEO PENASCO   
3003148 ,SM-2S-TOU,123053152,  PASEO PENASCO   
3003149 ,SM-2S-TOU,123053924,  PASEO PENASCO   
3003150 ,SM-2S-TOU,123053153,  PASEO PENASCO   
3003151 ,SM-2S-TOU,123053136,  PASEO PENASCO   
3003152 ,SM-2S-TOU,123053155,  PASEO PENASCO   
3003153 ,SM-2S-TOU,123053154,  PASEO PENASCO   
3003154 ,SM-2S-TOU,123053139,  PASEO PENASCO   
3003155 ,SM-2S-TOU,123053758,  RENDIJA CANYON RD  
3003156 ,SM-2S-TOU,123054127,  RENDIJA CANYON RD  
3003157 ,SM-2S-TOU,123053165,  EL VIENTO   
3003158 ,SM-2S-TOU,123053164,  EL VIENTO   
3003159 ,SM-2S-TOU,123053167,  EL VIENTO   
3003160 ,SM-2S-TOU,123053160,  EL VIENTO   
3003161 ,SM-2S-TOU,123053143,  EL VIENTO   
3003162 ,SM-2S-TOU,123053163,  EL VIENTO   
3003163 ,SM-2S-TOU,123053161,  EL VIENTO   
3003164 ,SM-2S-TOU,123053025,  EL VIENTO   
3003165 ,SM-2S-TOU,123053895,  EL VIENTO   
3003166 ,SM-2S-TOU,123053894,  EL VIENTO   
3003167 ,SM-2S-TOU,123053892,  EL VIENTO   
3003168 ,SM-2S-TOU,123053024,  EL VIENTO   
3003169 ,SM-2S-TOU,123053891,  EL VIENTO   
3003170 ,SM-2S-TOU,123053890,  EL VIENTO   
3003171 ,SM-2S-TOU,123053889,  EL VIENTO   
3003172 ,SM-2S-TOU,123053888,  EL VIENTO   
3003173 ,SM-2S-TOU,123054194,  EL VIENTO   
3003174 ,SM-2S-TOU,123053088,  EL VIENTO   
3003175 ,SM-2S-TOU,123053896,  EL VIENTO   
3003176 ,SM-2S-TOU,123053893,  EL VIENTO   
3003177 ,SM-2S-TOU,123053899,  VENADO   
3003178 ,SM-2S-TOU,123053898,  VENADO   
3003179 ,SM-2S-TOU,123053897,  VENADO   
3003180 ,SM-2S-TOU,123053022,  VENADO   
3003181 ,SM-2S-TOU,123054414,  VENADO   
3003182 ,SM-2S-TOU,123054425,  VENADO   
3003183 ,SM-2S-TOU,123054424,  VENADO   
3003184 ,SM-2S-TOU,123054413,  VENADO   
3003185 ,SM-2S-TOU,123054412,  VENADO   
3003186 ,SM-2S-TOU,123054398,  VENADO   
3003188 ,SM-2S-TOU,123054415,  VENADO   
3003189 ,SM-2S-TOU,123054399,  VENADO   
3003190 ,SM-2S-TOU,123054396,  VENADO   
3003191 ,SM-2S-SD,123053071,  VENADO   
3003192 ,SM-2S-TOU,123054397,  VENADO   
3003193 ,SM-2S-TOU,123053101,  VENADO   
3003194 ,SM-2S-TOU,123054669,  VENADO   
3003195 ,SM-2S-TOU,123053100,  VENADO   
3003196 ,SM-2S-TOU,123053102,  VENADO   
3003197 ,SM-2S-TOU,123053103,  VENADO   
3003198 ,SM-2S-TOU,123053090,  VENADO   
3003199 ,SM-2S-TOU,123053096,  VENADO   
3003200 ,SM-2S-TOU,123054291,  VENADO   
3003201 ,SM-2S-TOU,123053099,  VENADO   
3003202 ,SM-2S-TOU,123053098,  VENADO   
3003203 ,SM-2S-TOU,123053097,  VENADO   
3003204 ,SM-2S-TOU,123053089,  VENADO   
3003205 ,SM-2S-TOU,123053091,  VENADO   
3003207 ,SM-2S-TOU,123053932,  EL CONEJO   
3003208 ,SM-2S-TOU,123053935,  EL CONEJO   
3003209 ,SM-2S-TOU,123053470,  EL CONEJO   
3003210 ,SM-2S-TOU,123053471,  EL CONEJO   
3003211 ,SM-2S-TOU,123053468,  EL CONEJO   
3003212 ,SM-2S-TOU,123053469,  EL CONEJO   
3003213 ,SM-2S-TOU,123053459,  EL CONEJO   
3003214 ,SM-2S-TOU,123053457,  EL CONEJO   
3003215 ,SM-2S-TOU,123053458,  EL CONEJO   
3003216 ,SM-2S-TOU,123053456,  EL CONEJO   
3003217 ,SM-2S-TOU,123054526,  EL CONEJO   
3003218 ,SM-2S-TOU,123054525,  DOS BRAZOS RD  
3003219 ,SM-2S-TOU,123054478,  EL CONEJO   
3003220 ,SM-2S-TOU,123054507,  EL CONEJO   
3003221 ,SM-2S-TOU,123054505,  EL CONEJO   
3003222 ,SM-2S-TOU,123054506,  EL CONEJO   
3003223 ,SM-2S-TOU,123054504,  EL CONEJO   
3003224 ,SM-2S-TOU,123054458,  DOS BRAZOS RD  
3003225 ,SM-2S-TOU,123054476,  DOS BRAZOS RD  
3003226 ,SM-2S-TOU,123054479,  DOS BRAZOS RD  
3003227 ,SM-2S-TOU,123054477,  DOS BRAZOS RD  
3003228 ,SM-2S-TOU,123054527,  DOS BRAZOS RD  
3003229 ,SM-2S-TOU,123054524,  DOS BRAZOS RD  
3003230 ,SM-2S-TOU,123054456,  DOS BRAZOS RD  
3003231 ,SM-2S-TOU,123054459,  DOS BRAZOS RD  
3003232 ,SM-2S-TOU,123054457,  DOS BRAZOS RD  
3003233 ,SM-2S-TOU,123053933,  BARRANCA RD  
3003234 ,SM-2S-TOU,123053934,  BARRANCA RD  
3003235 ,SM-2S-TOU,123053950,  DOS BRAZOS RD  
3003236 ,SM-2S-TOU,123053949,  DOS BRAZOS RD  
3003237 ,SM-2S-TOU,123053951,  DOS BRAZOS RD  
3003238 ,SM-2S-TOU,123053948,  DOS BRAZOS RD  
3003239 ,SM-2S-TOU,123053453,  DOS BRAZOS RD  
3003240 ,SM-2S-TOU,123053454,  DOS BRAZOS RD  
3003241 ,SM-2S-TOU,123053225,  DOS BRAZOS RD  
3003242 ,SM-2S-TOU,123053452,  DOS BRAZOS RD  
3003243 ,SM-2S-TOU,123053455,  BARRANCA RD  
3003244 ,SM-2S-TOU,123053255,  BARRANCA RD  
3003245 ,SM-2S-TOU,123053651,  KACHINA   
3003246 ,SM-2S-TOU,123053648,  KACHINA   
3003247 ,SM-2S-TOU,123053649,  KACHINA   
3003248 ,SM-2S-TOU,123053354,  KACHINA   
3003249 ,SM-2S-TOU,123054597,  ENCINO   
3003250 ,SM-2S-TOU,123054596,  ENCINO   
3003251 ,SM-2S-TOU,123054599,  ENCINO   
3003252 ,SM-2S-TOU,123054601,  ENCINO   
3003253 ,SM-2S-TOU,123054736,  OBSIDIAN LOOP  
3003254 ,SM-2S-TOU,123054738,  OBSIDIAN LOOP  
3003255 ,SM-2S-TOU,123054531,  CAMINO ENCANTADO   
3003256 ,SM-2S-TOU,123054530,  OBSIDIAN LOOP  
3003257 ,SM-2S-TOU,123054528,  OBSIDIAN LOOP  
3003258 ,SM-2S-TOU,123054737,  OBSIDIAN LOOP  
3003259 ,SM-2S-TOU,123054208,  OBSIDIAN LOOP  
3003260 ,SM-2S-TOU,123054739,  OBSIDIAN LOOP  
3003261 ,SM-2S-TOU,123053596,  OBSIDIAN LOOP  
3003262 ,SM-2S-TOU,123053599,  OBSIDIAN LOOP  
3003263 ,SM-2S-TOU,123053597,  OBSIDIAN LOOP  
3003264 ,SM-2S-TOU,123053598,  OBSIDIAN LOOP  
3003265 ,SM-2S-TOU,123054613,  OBSIDIAN LOOP  
3003266 ,SM-2S-TOU,123054612,  OBSIDIAN LOOP  
3003267 ,SM-2S-TOU,123053226,  OBSIDIAN LOOP  
3003268 ,SM-2S-TOU,123054614,  TECOLOTE   
3003269 ,SM-2S-TOU,123054615,  TECOLOTE   
3003270 ,SM-2S-TOU,123053592,  TECOLOTE   
3003271 ,SM-2S-TOU,123053593,  TECOLOTE   
3003272 ,SM-2S-TOU,123053595,  TECOLOTE   
3003273 ,SM-2S-TOU,123053594,  TECOLOTE   
3003274 ,SM-2S-TOU,123054617,  CAMINO ENCANTADO   
3003275 ,SM-2S-TOU,123054618,  ESCONDIDO   
3003276 ,SM-2S-TOU,123054616,  ESCONDIDO   
3003277 ,SM-2S-TOU,123054532,  ESCONDIDO   
3003278 ,SM-2S-TOU,123054534,  CAMINO ENCANTADO   
3003279 ,SM-2S-TOU,123054533,  CAMINO ENCANTADO   
3003281 ,SM-2S-TOU,123054535,  CAMINO ENCANTADO   
3003282 ,SM-2S-TOU,123054611,  CAMINO ENCANTADO   
3003283 ,SM-2S-TOU,123054610,  CAMINO ENCANTADO   
3003284 ,SM-2S-TOU,123054609,  CAMINO ENCANTADO   
3003285 ,SM-2S-TOU,123054619,  CAMINO ENCANTADO   
3003286 ,SM-2S-TOU,123053600,  CAMINO ENCANTADO   
3003287 ,SM-2S-TOU,123054608,  CAMINO ENCANTADO   
3003288 ,SM-2S-TOU,123053601,  CAMINO ENCANTADO   
3003289 ,SM-2S-TOU,123054349,  CAMINO ENCANTADO   
3003290 ,SM-2S-TOU,123054351,  CAMINO ENCANTADO   
3003291 ,SM-2S-TOU,123054350,  CAMINO ENCANTADO   
3003292 ,SM-2S-TOU,123054348,  CAMINO ENCANTADO   
3003293 ,SM-2S-TOU,123053166,  CAMINO ENCANTADO   
3003294 ,SM-2S-TOU,123053860,  CAMINO ENCANTADO   
3003295 ,SM-2S-TOU,123053156,  CAMINO ENCANTADO   
3003296 ,SM-2S-TOU,123053157,  CAMINO ENCANTADO   
3003297 ,SM-2S-TOU,123053147,  CAMINO ENCANTADO   
3003298 ,SM-2S-TOU,123053159,  CAMINO ENCANTADO   
3003299 ,SM-2S-TOU,123053158,  CAMINO ENCANTADO   
3003300 ,SM-2S-TOU,123054385,  CAMINO ENCANTADO   
3003301 ,SM-2S-TOU,123054384,  CAMINO ENCANTADO   
3003302 ,SM-2S-TOU,123054387,  CAMINO ENCANTADO   
3003303 ,SM-2S-TOU,123054305,  CAMINO ENCANTADO   
3003304 ,SM-2S-TOU,123054386,  CAMINO ENCANTADO   
3003305 ,SM-2S-TOU,123054325,  CAMINO ENCANTADO   
3003306 ,SM-2S-TOU,123053343,  CAMINO ENCANTADO   
3003307 ,SM-2S-TOU,123053342,  CAMINO ENCANTADO   
3003308 ,SM-2S-TOU,123053340,  CAMINO ENCANTADO   
3003309 ,SM-2S-TOU,123053341,  CAMINO ENCANTADO   
3003310 ,SM-2S-TOU,123053650,  KACHINA   
3003311 ,SM-2S-TOU,123053660,  KACHINA   
3003312 ,SM-2S-TOU,123053662,  KACHINA   
3003313 ,SM-2S-TOU,123053661,  KACHINA   
3003314 ,SM-2S-TOU,123053663,  KACHINA   
3003315 ,SM-2S-TOU,123053652,  KACHINA   
3003316 ,SM-2S-TOU,123053653,  KACHINA   
3003317 ,SM-2S-TOU,123053657,  KACHINA   
3003318 ,SM-2S-TOU,123054346,  CAMINO ENCANTADO   
3003319 ,SM-2S-TOU,123054581,  TURQUOISE   
3003320 ,SM-2S-TOU,123054580,  TURQUOISE   
3003321 ,SM-2S-TOU,123054583,  TURQUOISE   
3003322 ,SM-2S-TOU,123054582,  TURQUOISE   
3003323 ,SM-2S-TOU,123053145,  TURQUOISE   
3003324 ,SM-2S-TOU,123054015,  BARRANCA RD  
3003325 ,SM-2S-TOU,123054014,  BARRANCA RD  
3003326 ,SM-2S-TOU,123054068,  LOMA DEL ESCOLAR   
3003327 ,SM-2S-TOU,123054049,  LOMA DEL ESCOLAR   
3003328 ,SM-2S-TOU,123054071,  LOMA DEL ESCOLAR   
3003329 ,SM-2S-TOU,123054069,  LOMA DEL ESCOLAR   
3003330 ,SM-2S-TOU,123054067,  LOMA DEL ESCOLAR   
3003331 ,SM-2S-TOU,123054064,  LOMA DEL ESCOLAR   
3003332 ,SM-2S-TOU,123054066,  LOMA DEL ESCOLAR   
3003333 ,SM-2S-TOU,123054065,  LOMA DEL ESCOLAR   
3003334 ,SM-2S-TOU,123054050,  BARRANCA MESA PARK RD  
3003335 ,SM-9S-DEM,123053049,  LOMA DEL ESCOLAR   
3003337 ,SM-2S-TOU,123054143,  LOMA DEL ESCOLAR   
3003338 ,SM-2S-TOU,123054140,  LOMA DEL ESCOLAR   
3003339 ,SM-2S-TOU,123053677,  LOMA DEL ESCOLAR   
3003340 ,SM-16S-DEM,123053036,  LOMA DEL ESCOLAR   
3003341 ,SM-2S-TOU,123054141,  LOMA DEL ESCOLAR   
3003342 ,SM-2S-TOU,123053230,  LOMA DEL ESCOLAR   
3003345 ,SM-2S-TOU,123054304,  BARRANCA GOLF BALL RD  
3003346 ,SM-2S-TOU,123054142,  LOMA DEL ESCOLAR   
3003347 ,SM-2S-TOU,123054137,  LOMA DEL ESCOLAR   
3003348 ,SM-2S-TOU,123054136,  LOMA DEL ESCOLAR   
3003349 ,SM-2S-TOU,123054139,  LOMA DEL ESCOLAR   
3003350 ,SM-2S-TOU,123054138,  LOMA DEL ESCOLAR   
3003351 ,SM-2S-TOU,123054117,  LOMA DEL ESCOLAR   
3003354 ,SM-2S-TOU,123054119,  LOMA DEL ESCOLAR   
3003355 ,SM-2S-TOU,123054116,  LOMA DEL ESCOLAR   
3003356 ,SM-2S-TOU,123054096,  BARRANCA RD  
3003357 ,SM-2S-TOU,123054115,  BARRANCA RD  
3003358 ,SM-2S-TOU,123054097,  LOMA DEL ESCOLAR   
3003360 ,SM-2S-TOU,123053229,  LOMA DEL ESCOLAR   
3003361 ,SM-2S-TOU,123054099,  LOMA DEL ESCOLAR   
3003362 ,SM-2S-TOU,123054113,  LOMA DEL ESCOLAR   
3003363 ,SM-2S-TOU,123054098,  LOMA DEL ESCOLAR   
3003365 ,SM-2S-TOU,123054114,  LOMA DEL ESCOLAR   
3003366 ,SM-2S-TOU,123054118,  LOMA DEL ESCOLAR   
3003367 ,SM-2S-TOU,123054112,  LOMA DEL ESCOLAR   
3003368 ,SM-2S-TOU,123053234,  BARRANCA RD  
3003369 ,SM-2S-TOU,123053267,  CASCABEL   
3003370 ,SM-2S-TOU,123053235,  CASCABEL   
3003371 ,SM-2S-TOU,123054121,  CASCABEL   
3003372 ,SM-2S-TOU,123053494,  BARRANCA RD  
3003373 ,SM-2S-TOU,123053800,  LA CUEVA   
3003374 ,SM-2S-TOU,123053809,  LA CUEVA   
3003375 ,SM-2S-TOU,123053801,  LA CUEVA   
3003376 ,SM-2S-TOU,123053757,  LA CUEVA   
3003377 ,SM-2S-TOU,123053493,  LA CUEVA   
3003378 ,SM-2S-TOU,123053495,  LA CUEVA   
3003379 ,SM-2S-TOU,123053492,  LA CUEVA   
3003380 ,SM-2S-TOU,123053498,  LA CUEVA   
3003381 ,SM-2S-TOU,123054125,  CASCABEL   
3003382 ,SM-2S-TOU,123054124,  CASCABEL   
3003383 ,SM-2S-TOU,123054324,  BARRANCA RD  
3003384 ,SM-2S-TOU,123054100,  CASCABEL   
3003385 ,SM-2S-TOU,123054101,  CASCABEL   
3003386 ,SM-2S-TOU,123054102,  CASCABEL   
3003387 ,SM-2S-TOU,123054123,  CASCABEL   
3003388 ,SM-2S-TOU,123054054,  CASCABEL   
3003389 ,SM-2S-TOU,123054122,  CASCABEL   
3003390 ,SM-2S-TOU,123054120,  CASCABEL   
3003391 ,SM-2S-TOU,123054103,  CASCABEL   
3003392 ,SM-2S-TOU,123054756,  LA CUEVA   
3003393 ,SM-2S-TOU,123054757,  LA CUEVA   
3003394 ,SM-2S-TOU,123054759,  LA CUEVA   
3003395 ,SM-2S-TOU,123054013,  LA CUEVA   
3003396 ,SM-2S-TOU,123054758,  LA CUEVA   
3003397 ,SM-2S-TOU,123053778,  LA CUEVA   
3003398 ,SM-2S-TOU,123053779,  LA CUEVA   
3003399 ,SM-2S-TOU,123053776,  LA CUEVA   
3003400 ,SM-2S-TOU,123053736,  NAVAJO   
3003401 ,SM-2S-TOU,123053704,  NAVAJO   
3003402 ,SM-2S-TOU,123054576,  NAVAJO   
3003403 ,SM-2S-TOU,123054579,  NAVAJO   
3003404 ,SM-2S-TOU,123053673,  OSITO   
3003405 ,SM-2S-TOU,123053672,  OSITO   
3003406 ,SM-2S-TOU,123053674,  OSITO   
3003407 ,SM-2S-TOU,123053675,  NAVAJO   
3003408 ,SM-2S-TOU,123054578,  NAVAJO   
3003409 ,SM-2S-TOU,123054577,  NAVAJO   
3003410 ,SM-2S-TOU,123053727,  NAVAJO   
3003411 ,SM-2S-TOU,123053724,  NAVAJO   
3003413 ,SM-2S-TOU,123053756,  NAVAJO   
3003414 ,SM-2S-TOU,123053744,  NAVAJO   
3003415 ,SM-2S-TOU,123053746,  NAVAJO   
3003416 ,SM-2S-TOU,123053759,  NAVAJO   
3003417 ,SM-2S-TOU,123053777,  BARRANCA RD  
3003418 ,SM-2S-TOU,123053699,  NAVAJO   
3003419 ,SM-2S-TOU,123053697,  BARRANCA RD  
3003420 ,SM-2S-TOU,123053698,  BARRANCA RD  
3003421 ,SM-2S-TOU,123053747,  BARRANCA RD  
3003422 ,SM-2S-TOU,123053745,  BARRANCA RD  
3003423 ,SM-2S-TOU,123053696,  BARRANCA RD  
3003424 ,SM-2S-TOU,123053835,  LOS PUEBLOS   
3003425 ,SM-2S-TOU,123053832,  ZUNI   
3003426 ,SM-2S-TOU,123053834,  ZUNI   
3003427 ,SM-2S-TOU,123053833,  ZUNI   
3003428 ,SM-2S-TOU,123053817,  ZUNI   
3003429 ,SM-2S-TOU,123053816,  ZUNI   
3003430 ,SM-2S-TOU,123053819,  LOS PUEBLOS   
3003431 ,SM-2S-TOU,123054295,  LOS PUEBLOS   
3003432 ,SM-2S-TOU,123054257,  TAOS   
3003433 ,SM-2S-TOU,123054256,  TAOS   
3003434 ,SM-2S-TOU,123054258,  TAOS   
3003435 ,SM-2S-TOU,123054259,  TAOS   
3003436 ,SM-2S-TOU,123054307,  LOS PUEBLOS   
3003437 ,SM-2S-TOU,123053818,  LOS PUEBLOS   
3003438 ,SM-2S-TOU,123053811,  ZUNI   
3003439 ,SM-2S-TOU,123053810,  ZUNI   
3003440 ,SM-2S-TOU,123053802,  ZUNI   
3003441 ,SM-2S-TOU,123053803,  ZUNI   
3003442 ,SM-2S-TOU,123053808,  ZUNI   
3003443 ,SM-2S-TOU,123054293,  LOS PUEBLOS   
3003444 ,SM-2S-TOU,123054294,  TAOS   
3003445 ,SM-2S-TOU,123054495,  TAOS   
3003446 ,SM-2S-TOU,123053231,  TAOS   
3003447 ,SM-2S-TOU,123054292,  TAOS   
3003448 ,SM-2S-TOU,123054493,  TAOS   
3003450 ,SM-2S-TOU,123054492,  TAOS   
3003451 ,SM-2S-TOU,123054494,  TAOS   
3003452 ,SM-2S-TOU,123054242,  LOS PUEBLOS   
3003453 ,SM-2S-TOU,123053228,  LOS PUEBLOS   
3003454 ,SM-2S-TOU,123053271,  SAN JUAN   
3003455 ,SM-2S-TOU,123054308,  SAN JUAN   
3003456 ,SM-2S-TOU,123054311,  SAN JUAN   
3003457 ,SM-2S-TOU,123054310,  SAN JUAN   
3003458 ,SM-2S-TOU,123054277,  SAN JUAN   
3003459 ,SM-2S-TOU,123054278,  SAN JUAN   
3003460 ,SM-2S-TOU,123054276,  SAN JUAN   
3003461 ,SM-2S-TOU,123054279,  SAN JUAN   
3003462 ,SM-2S-TOU,123054273,  SAN JUAN   
3003463 ,SM-2S-TOU,123054272,  SAN JUAN   
3003464 ,SM-2S-TOU,123054261,  SAN JUAN   
3003465 ,SM-2S-TOU,123054263,  TESUQUE   
3003466 ,SM-2S-TOU,123054260,  LOS PUEBLOS   
3003467 ,SM-2S-TOU,123054243,  TESUQUE   
3003468 ,SM-2S-TOU,123054240,  TESUQUE   
3003469 ,SM-2S-TOU,123054309,  SAN JUAN   
3003470 ,SM-2S-TOU,123054241,  SAN JUAN   
3003471 ,SM-2S-TOU,123053719,  TESUQUE   
3003472 ,SM-2S-TOU,123053504,  TESUQUE   
3003473 ,SM-2S-TOU,123053505,  TESUQUE   
3003474 ,SM-2S-TOU,123053506,  TESUQUE   
3003475 ,SM-2S-TOU,123053567,  TESUQUE   
3003476 ,SM-2S-TOU,123053507,  TESUQUE   
3003477 ,SM-2S-TOU,123053489,  TESUQUE   
3003478 ,SM-2S-TOU,123053488,  TESUQUE   
3003479 ,SM-2S-TOU,123053490,  TESUQUE   
3003480 ,SM-2S-TOU,123053491,  TESUQUE   
3003481 ,SM-2S-TOU,123053707,  COYOTE   
3003482 ,SM-2S-TOU,123053748,  COYOTE   
3003483 ,SM-2S-TOU,123053726,  COYOTE   
3003484 ,SM-2S-TOU,123053725,  COYOTE   
3003485 ,SM-2S-TOU,123053749,  COYOTE   
3003486 ,SM-2S-TOU,123054328,  COYOTE   
3003487 ,SM-2S-TOU,123053706,  COYOTE   
3003488 ,SM-2S-TOU,123053705,  NAVAJO   
3003489 ,SM-2S-TOU,123053737,  NAVAJO   
3003490 ,SM-2S-TOU,123053738,  NAVAJO   
3003491 ,SM-2S-TOU,123053742,  NAVAJO   
3003492 ,SM-2S-TOU,123053743,  SAN JUAN   
3003493 ,SM-2S-TOU,123053711,  SAN JUAN   
3003494 ,SM-2S-TOU,123053722,  SAN JUAN   
3003495 ,SM-2S-TOU,123053720,  SAN JUAN   
3003496 ,SM-2S-TOU,123053688,  SAN JUAN   
3003497 ,SM-2S-TOU,123054377,  SAN JUAN   
3003498 ,SM-2S-TOU,123053690,  SAN JUAN   
3003499 ,SM-2S-TOU,123054376,  SAN JUAN   
3003500 ,SM-2S-TOU,123054379,  SAN JUAN   
3003501 ,SM-2S-TOU,123053689,  SAN JUAN   
3003502 ,SM-2S-TOU,123053691,  SAN JUAN   
3003503 ,SM-2S-TOU,123053721,  SAN JUAN   
3003504 ,SM-2S-TOU,123053723,  SAN JUAN   
3003505 ,SM-2S-TOU,123053710,  SAN JUAN   
3003506 ,SM-2S-TOU,123053740,  SAN JUAN   
3003507 ,SM-2S-TOU,123053741,  SAN JUAN   
3003508 ,SM-2S-TOU,123053751,  NAVAJO   
3003509 ,SM-2S-TOU,123053739,  NAVAJO   
3003510 ,SM-2S-TOU,123053671,  NAVAJO   
3003511 ,SM-2S-TOU,123053670,  NAVAJO   
3003512 ,SM-2S-TOU,123053668,  NAVAJO   
3003513 ,SM-2S-TOU,123053565,  NAVAJO   
3003514 ,SM-2S-TOU,123053564,  TOTAVI   
3003515 ,SM-2S-TOU,123053566,  TOTAVI   
3003516 ,SM-2S-TOU,123053555,  TOTAVI   
3003517 ,SM-2S-TOU,123053554,  TOTAVI   
3003518 ,SM-2S-TOU,123053552,  TOTAVI   
3003519 ,SM-2S-TOU,123053733,  TOTAVI   
3003520 ,SM-2S-TOU,123053732,  TOTAVI   
3003521 ,SM-2S-TOU,123053734,  TOTAVI   
3003522 ,SM-2S-TOU,123053735,  TOTAVI   
3003523 ,SM-2S-TOU,123053669,  NAVAJO   
3003524 ,SM-2S-TOU,123053716,  LOS PUEBLOS   
3003525 ,SM-2S-TOU,123053694,  NAVAJO   
3003526 ,SM-2S-TOU,123053693,  NAVAJO   
3003527 ,SM-2S-TOU,123053692,  NAVAJO   
3003528 ,SM-2S-TOU,123053553,  TOTAVI   
3003529 ,SM-2S-TOU,123054255,  NAVAJO   
3003530 ,SM-2S-TOU,123054252,  NAVAJO   
3003531 ,SM-2S-TOU,123054253,  NAVAJO   
3003532 ,SM-2S-TOU,123054254,  NAVAJO   
3003533 ,SM-2S-TOU,123054063,  NAVAJO   
3003534 ,SM-2S-TOU,123053753,  NAVAJO   
3003535 ,SM-2S-TOU,123053755,  EL NIDO   
3003536 ,SM-2S-TOU,123053752,  EL NIDO   
3003537 ,SM-2S-TOU,123053754,  NAVAJO   
3003538 ,SM-2S-TOU,123054213,  NAVAJO   
3003539 ,SM-2S-TOU,123054061,  TOTAVI   
3003540 ,SM-2S-TOU,123054146,  TOTAVI   
3003541 ,SM-2S-TOU,123053546,  TOTAVI   
3003542 ,SM-2S-TOU,123053547,  TOTAVI   
3003543 ,SM-2S-TOU,123053545,  TOTAVI   
3003544 ,SM-2S-TOU,123053544,  TOTAVI   
3003545 ,SM-2S-TOU,123053417,  TOTAVI   
3003546 ,SM-2S-TOU,123054178,  TOTAVI   
3003547 ,SM-2S-TOU,123054179,  TOTAVI   
3003550 ,SM-2S-TOU,123053219,  TOTAVI   
3003551 ,SM-2S-TOU,123054176,  TOTAVI   
3003552 ,SM-2S-TOU,123054177,  TOTAVI   
3003553 ,SM-2S-TOU,123053550,  TOTAVI   
3003554 ,SM-2S-TOU,123054816,  TOTAVI   
3003555 ,SM-2S-TOU,123053551,  TOTAVI   
3003556 ,SM-2S-TOU,123053549,  TOTAVI   
3003557 ,SM-2S-TOU,123053548,  TOTAVI   
3003558 ,SM-2S-TOU,123053730,  TOTAVI   
3003559 ,SM-2S-TOU,123053731,  PUYE   
3003560 ,SM-2S-TOU,123053728,  PUYE   
3003561 ,SM-2S-TOU,123053729,  TOTAVI   
3003562 ,SM-2S-TOU,123053718,  NAVAJO   
3003563 ,SM-2S-TOU,123053217,  NAVAJO   
3003564 ,SM-2S-TOU,123053717,  NAVAJO   
3003565 ,SM-2S-TOU,123053695,  LOS PUEBLOS   
3003566 ,SM-2S-TOU,123054262,  LAGUNA   
3003567 ,SM-2S-TOU,123054594,  LAGUNA   
3003568 ,SM-2S-TOU,123054593,  LAGUNA   
3003569 ,SM-2S-TOU,123054595,  LAGUNA   
3003570 ,SM-2S-TOU,123054592,  LAGUNA   
3003571 ,SM-2S-TOU,123054590,  LAGUNA   
3003572 ,SM-2S-TOU,123054588,  LAGUNA   
3003573 ,SM-2S-TOU,123054589,  LAGUNA   
3003574 ,SM-2S-TOU,123054591,  LAGUNA   
3003575 ,SM-2S-TOU,123054600,  LAGUNA   
3003576 ,SM-2S-TOU,123054602,  LOS PUEBLOS   
3003577 ,SM-2S-TOU,123053683,  LOS PUEBLOS   
3003578 ,SM-2S-TOU,123053232,  CHACO   
3003579 ,SM-2S-TOU,123053527,  CHACO   
3003580 ,SM-2S-TOU,123053526,  CHACO   
3003581 ,SM-2S-TOU,123053524,  CHACO   
3003582 ,SM-2S-TOU,123053525,  CHACO   
3003583 ,SM-2S-TOU,123053269,  LOS PUEBLOS   
3003584 ,SM-2S-TOU,123053703,  LOS PUEBLOS   
3003585 ,SM-2S-TOU,123053268,  LOS PUEBLOS   
3003586 ,SM-2S-TOU,123054383,  LOS PUEBLOS   
3003587 ,SM-2S-TOU,123053702,  LOS PUEBLOS   
3003588 ,SM-2S-TOU,123053701,  LOS PUEBLOS   
3003589 ,SM-2S-TOU,123053700,  LOS PUEBLOS   
3003590 ,SM-2S-TOU,123053270,  LOS PUEBLOS   
3003591 ,SM-2S-TOU,123053992,  LOS PUEBLOS   
3003592 ,SM-2S-TOU,123053306,  LOS PUEBLOS   
3003593 ,SM-2S-TOU,123053307,  LOS PUEBLOS   
3003594 ,SM-2S-TOU,123053993,  LOS PUEBLOS   
3003595 ,SM-2S-TOU,123054043,  LOS PUEBLOS   
3003596 ,SM-2S-TOU,123054040,  LOS PUEBLOS   
3003597 ,SM-2S-TOU,123053995,  LOS PUEBLOS   
3003598 ,SM-2S-TOU,123053994,  LOS PUEBLOS   
3003599 ,SM-2S-TOU,123054023,  LOS PUEBLOS   
3003600 ,SM-2S-TOU,123054036,  LOS PUEBLOS   
3003601 ,SM-2S-TOU,123054021,  LOS PUEBLOS   
3003602 ,SM-2S-TOU,123053960,  LOS PUEBLOS   
3003603 ,SM-2S-TOU,123054185,  LOS PUEBLOS   
3003604 ,SM-2S-TOU,123054187,  LOS PUEBLOS   
3003605 ,SM-2S-TOU,123053962,  LOS PUEBLOS   
3003606 ,SM-2S-TOU,123054584,  LOS PUEBLOS   
3003607 ,SM-2S-TOU,123054587,  LOS PUEBLOS   
3003608 ,SM-2S-TOU,123054184,  LOS PUEBLOS   
3003609 ,SM-2S-TOU,123054186,  LOS PUEBLOS   
3003610 ,SM-2S-TOU,123053986,  LOS PUEBLOS   
3003611 ,SM-2S-TOU,123054191,  LOS PUEBLOS   
3003612 ,SM-2S-TOU,123054188,  LOS PUEBLOS   
3003613 ,SM-2S-TOU,123054189,  LOS PUEBLOS   
3003614 ,SM-2S-TOU,123054190,  LOS PUEBLOS   
3003615 ,SM-2S-TOU,123054002,  LOS PUEBLOS   
3003616 ,SM-2S-TOU,123054003,  LOS PUEBLOS   
3003617 ,SM-2S-TOU,123053965,  LOS PUEBLOS   
3003618 ,SM-2S-TOU,123054019,  LOS PUEBLOS   
3003619 ,SM-2S-TOU,123054000,  LOS PUEBLOS   
3003620 ,SM-2S-TOU,123053976,  LOS PUEBLOS   
3003622 ,SM-2S-TOU,123054044,  LOS PUEBLOS   
3003623 ,SM-2S-TOU,123054045,  LOS PUEBLOS   
3003624 ,SM-2S-TOU,123054030,  LOS PUEBLOS   
3003625 ,SM-2S-TOU,123054029,  LOS PUEBLOS   
3003626 ,SM-2S-TOU,123054010,  BONITO PL  
3003627 ,SM-2S-TOU,123053983,  BONITO PL  
3003628 ,SM-2S-TOU,123053981,  BONITO PL  
3003629 ,SM-2S-TOU,123053980,  BONITO PL  
3003630 ,SM-2S-TOU,123053982,  BONITO PL  
3003631 ,SM-2S-TOU,123054001,  PILAR   
3003632 ,SM-2S-TOU,123053967,  PILAR   
3003633 ,SM-2S-TOU,123053966,  PILAR   
3003634 ,SM-2S-TOU,123053971,  LOS PUEBLOS   
3003635 ,SM-2S-TOU,123054016,  LOS PUEBLOS   
3003636 ,SM-2S-TOU,123054018,  LOS PUEBLOS   
3003637 ,SM-2S-TOU,123053964,  LOS PUEBLOS   
3003638 ,SM-2S-TOU,123053985,  LOS PUEBLOS   
3003639 ,SM-2S-TOU,123054017,  LOS PUEBLOS   
3003640 ,SM-2S-TOU,123053987,  LOS PUEBLOS   
3003641 ,SM-2S-TOU,123053984,  LOS PUEBLOS   
3003642 ,SM-2S-TOU,123053970,  LOS PUEBLOS   
3003643 ,SM-2S-TOU,123053969,  LOS PUEBLOS   
3003644 ,SM-2S-TOU,123053968,  LOS PUEBLOS   
3003645 ,SM-2S-TOU,123054011,  LOS PUEBLOS   
3003646 ,SM-2S-TOU,123054009,  LOS PUEBLOS   
3003647 ,SM-2S-TOU,123054008,  LOS PUEBLOS   
3003648 ,SM-2S-TOU,123054031,  LOS PUEBLOS   
3003649 ,SM-2S-TOU,123054028,  LOS PUEBLOS   
3003650 ,SM-2S-TOU,123053978,  LOS PUEBLOS   
3003651 ,SM-2S-TOU,123054047,  LOS PUEBLOS   
3003652 ,SM-2S-TOU,123053977,  LOS PUEBLOS   
3003653 ,SM-2S-TOU,123054046,  LOS PUEBLOS   
3003654 ,SM-2S-TOU,123053961,  LOS PUEBLOS   
3003655 ,SM-2S-TOU,123053963,  LOS PUEBLOS   
3003656 ,SM-2S-TOU,123054020,  LOS PUEBLOS   
3003657 ,SM-2S-TOU,123054038,  LOS PUEBLOS   
3003658 ,SM-2S-TOU,123054039,  LOS PUEBLOS   
3003659 ,SM-2S-TOU,123054022,  LOS PUEBLOS   
3003660 ,SM-2S-TOU,123054037,  LOS PUEBLOS   
3003661 ,SM-2S-TOU,123054041,  LOS PUEBLOS   
3003662 ,SM-2S-TOU,123054042,  LOS PUEBLOS   
3005907 ,SM-2S-TOU,123053224,  WALKWAY HAWK WATER TANK DR  
3005909 ,SM-2S-TOU,123053205,  WALKWAY GYMNASTICS BLDG ST  
3008786 ,SM-2S-TOU,123054489,  SAN ILDEFONSO RD  
3008790 ,SM-2S-TOU,123054815,  SAN ILDEFONSO RD  
3008791 ,SM-2S-TOU,123054813,  SAN ILDEFONSO RD  
3008792 ,SM-2S-TOU,123054812,  SAN ILDEFONSO RD  
3008793 ,SM-2S-TOU,123054814,  SAN ILDEFONSO RD  
3008794 ,SM-2S-TOU,123054781,  SAN ILDEFONSO RD  
3008795 ,SM-2S-TOU,123054780,  SAN ILDEFONSO RD  
3008796 ,SM-2S-TOU,123054783,  SAN ILDEFONSO RD  
3008797 ,SM-2S-TOU,123054782,  SAN ILDEFONSO RD  
3008798 ,SM-2S-TOU,123053846,  SAN ILDEFONSO RD  
3008799 ,SM-2S-TOU,123053845,  SAN ILDEFONSO RD  
3008800 ,SM-2S-TOU,123053844,  SAN ILDEFONSO RD  
3008801 ,SM-2S-TOU,123053843,  SAN ILDEFONSO RD  
3008802 ,SM-2S-TOU,123053847,  SAN ILDEFONSO RD  
3008803 ,SM-2S-TOU,123053842,  SAN ILDEFONSO RD  
3008804 ,SM-2S-TOU,123053840,  SAN ILDEFONSO RD  
3008805 ,SM-2S-TOU,123053841,  SAN ILDEFONSO RD  
3008806 ,SM-2S-TOU,123054438,  SAN ILDEFONSO RD  
3008807 ,SM-2S-TOU,123054436,  SAN ILDEFONSO RD  
3008808 ,SM-2S-TOU,123054439,  SAN ILDEFONSO RD  
3008809 ,SM-2S-TOU,123054437,  SAN ILDEFONSO RD  
3008810 ,SM-2S-TOU,123053273,  SAN ILDEFONSO RD  
3008811 ,SM-2S-TOU,123053275,  SAN ILDEFONSO RD  
3008812 ,SM-2S-TOU,123053272,  SAN ILDEFONSO RD  
3008813 ,SM-2S-TOU,123054487,  SAN ILDEFONSO RD  
3008814 ,SM-2S-TOU,123054485,  SAN ILDEFONSO RD  
3008815 ,SM-2S-TOU,123054484,  SAN ILDEFONSO RD  
3008816 ,SM-2S-TOU,123054486,  SAN ILDEFONSO RD  
3008817 ,SM-2S-TOU,123053274,  SAN ILDEFONSO RD  
3008818 ,SM-2S-TOU,123054733,  SAN ILDEFONSO RD  
3008819 ,SM-2S-TOU,123054735,  SAN ILDEFONSO RD  
3008820 ,SM-2S-TOU,123054734,  SAN ILDEFONSO RD  
3008821 ,SM-2S-TOU,123054441,  SAN ILDEFONSO RD  
3008822 ,SM-2S-TOU,123054491,  SAN ILDEFONSO RD  
3008823 ,SM-2S-TOU,123054440,  SAN ILDEFONSO RD  
3008824 ,SM-2S-TOU,123054443,  SAN ILDEFONSO RD  
3008825 ,SM-2S-TOU,123054442,  SAN ILDEFONSO RD  
3008826 ,SM-2S-TOU,123054488,  MENDIUS LN  
3008827 ,SM-2S-TOU,123054490,  MENDIUS LN  
3008828 ,SM-2S-TOU,123053375,  MENDIUS LN  
3008829 ,SM-2S-TOU,123054805,  MENDIUS LN  
3008830 ,SM-2S-TOU,123054804,  MENDIUS LN  
3008831 ,SM-2S-TOU,123054807,  MENDIUS LN  
3008832 ,SM-2S-TOU,123054806,  MENDIUS LN  
3008833 ,SM-2S-TOU,123054810,  MENDIUS LN  
3008834 ,SM-2S-TOU,123053373,  MENDIUS LN  
3008835 ,SM-2S-TOU,123054808,  MENDIUS LN  
3008836 ,SM-2S-TOU,123053372,  MENDIUS LN  
3008837 ,SM-2S-TOU,123054809,  MENDIUS LN  
3008838 ,SM-2S-TOU,123054811,  MENDIUS LN  
3008839 ,SM-2S-TOU,123054788,  MENDIUS LN  
3008840 ,SM-2S-TOU,123054789,  MENDIUS LN  
3008841 ,SM-2S-TOU,123054791,  MENDIUS LN  
3008842 ,SM-2S-TOU,123054790,  MENDIUS LN  
3008843 ,SM-2S-TOU,123054481,  MENDIUS LN  
3008845 ,SM-2S-TOU,123054483,  MENDIUS LN  
3008846 ,SM-2S-TOU,123054480,  MENDIUS LN  
3009069 ,SM-2S-TOU,123054586,  LOS PUEBLOS   
3009070 ,SM-2S-TOU,123054585,  LOS PUEBLOS   
3009071 ,SM-2S-TOU,123054174,  LOS PUEBLOS   
3009072 ,SM-2S-TOU,123054172,  LOS PUEBLOS   
3009073 ,SM-2S-TOU,123054175,  LOS PUEBLOS   
3009074 ,SM-2S-TOU,123054173,  LOS PUEBLOS   
3009075 ,SM-2S-TOU,123054169,  LOS PUEBLOS   
3009077 ,SM-2S-TOU,123054168,  LOS PUEBLOS   
3009079 ,SM-2S-TOU,123054170,  LOS PUEBLOS   
3009080 ,SM-2S-TOU,123054153,  LOS PUEBLOS   
3009654 ,SM-2S-TOU,123054712,  DEER TRL  
3009655 ,SM-2S-TOU,123054713,  DEER TRL  
3009656 ,SM-2S-TOU,123054714,  DEER TRL  
3009657 ,SM-2S-TOU,123054392,  DEER TRL  
3009658 ,SM-2S-TOU,123054715,  DEER TRL  
3009659 ,SM-2S-TOU,123054393,  DEER TRL  
3009661 ,SM-2S-TOU,123054395,  DEER TRL  
3009662 ,SM-2S-TOU,123054394,  DEER TRL  
3009663 ,SM-2S-TOU,123054391,  DEER TRL  
3009664 ,SM-2S-TOU,123054388,  DEER TRL  
3009665 ,SM-2S-TOU,123054389,  DEER TRL  
3009666 ,SM-2S-TOU,123054390,  DEER TRL  
3009667 ,SM-2S-TOU,123054344,  DEER TRL  
3009668 ,SM-2S-TOU,123054343,  DEER TRL  
3009669 ,SM-2S-TOU,123054340,  DEER TRL  
3009670 ,SM-2S-TOU,123054341,  DEER TRL  
3009671 ,SM-2S-TOU,123054342,  DEER TRL  
3009672 ,SM-2S-TOU,123054693,  DEER CT  
3009673 ,SM-2S-TOU,123054694,  DEER CT  
3009674 ,SM-2S-TOU,123054695,  DEER CT  
3009675 ,SM-2S-TOU,123054718,  DEER CT  
3009676 ,SM-2S-TOU,123054717,  DEER CT  
3009677 ,SM-2S-TOU,123054719,  DEER CT  
3009678 ,SM-2S-TOU,123054716,  DEER CT  
3009679 ,SM-2S-TOU,123054699,  DEER CT  
3009680 ,SM-2S-TOU,123054696,  DEER CT  
3009681 ,SM-2S-TOU,123054692,  DEER CT  
3009891 ,SM-2S-TOU,123054767,  CAMINO UVA   
3009899 ,SM-2S-TOU,123053227,  ALAMO RD  
3009901 ,SM-2S-TOU,123053979,  LOS PUEBLOS   
3009902 ,SM-2S-TOU,123054062,  SAN ILDEFONSO RD  
3009974 ,SM-2S-TOU,123053616,  STABLE LOT RD  
3009981 ,SM-2S-TOU,123053259,  NORTH MESA RD  
3009982 ,SM-2S-TOU,123054356,  STABLE LOT RD  
3009983 ,SM-2S-TOU,123053581,  STABLE LOT RD  
3009984 ,SM-2S-TOU,123053615,  STABLE LOT RD  
3009997 ,SM-2S-TOU,123053577,  STABLE LOT RD  
3010035 ,SM-2S-TOU,123054427,  STABLE LOT RD  
3010040 ,SM-2S-NET,123053028,  SIOUX   
3010059 ,SM-2S-TOU,123053620,  STABLE LOT RD  
3010061 ,SM-2S-TOU,123053580,  STABLE LOT RD  
3010064 ,SM-2S-TOU,123053612,  STABLE LOT   
3010066 ,SM-2S-TOU,123053573,  STABLE LOT RD  
3010067 ,SM-2S-TOU,123054366,  STABLE LOT RD  
3010075 ,SM-2S-TOU,123053915,  CAMINO CEREZA   
3010083 ,SM-2S-TOU,123053586,  STABLE LOT RD  
3010108 ,SM-2S-TOU,123053568,  STABLE LOT RD  
3010128 ,SM-2S-TOU,123053584,  STABLE LOT RD  
3010129 ,SM-2S-TOU,123053587,  STABLE LOT RD  
3010136 ,SM-2S-TOU,123053284,  STABLE LOT   
3010143 ,SM-2S-TOU,123053619,  STABLE LOT   
3010145 ,SM-2S-TOU,123053285,  STABLE LOT   
3010154 ,SM-2S-TOU,123053617,  STABLE LOT RD  
3010155 ,SM-2S-TOU,123053625,  STABLE LOT RD  
3010156 ,SM-2S-TOU,123054420,  STABLE LOT RD  
3010164 ,SM-2S-TOU,123054321,  HAWK--KRSN TOWER DR  
3010167 ,SM-2S-TOU,123053624,  STABLE LOT RD  
3010169 ,SM-2S-TOU,123053618,  STABLE LOT RD  
3010185 ,SM-2S-TOU,123053253,  HAWK DR (CONTRACTORS ONLY)   
3010186 ,SM-2S-TOU,123053197,  CHEYENNE   
3010187 ,SM-2S-TOU,123053423,  CAMINO REDONDO   
3010188 ,SM-2S-TOU,123054732,  SAN ILDEFONSO RD  
3010193 ,SM-2S-TOU,123054378,  EL GANCHO   
3010200 ,SM-2S-TOU,123053313,  NORTH MESA - MULTICOVERED ARENA   
3010249 ,SM-2S-TOU,123054055,  NORTH MESA RD  
3010250 ,SM-2S-TOU,123053252,  STABLE LOT   
3010262 ,SM-2S-TOU,123054276,  LOS PUEBLOS COMCAST   
,,,
